Source_File,Title,Authors,Research_Theme,Context,Intervention,Outcome
partanen2008.md,Social capital in the growth of science-and-technology-based SMEs,"Jukka Partanen, Kristian Möller, Mika Westerlund, Risto Rajala, Arto Rajala",Theme 2: Network formation and relationship initiation,In the transition from innovation assessment to offering development,"leveraging personal relationships with knowledge, innovation, and technology (KIT) actors",leads to enhanced access to critical knowledge and resources
partanen2008.md,Social capital in the growth of science-and-technology-based SMEs,"Jukka Partanen, Kristian Möller, Mika Westerlund, Risto Rajala, Arto Rajala",Theme 3: Interorganizational relationships,In the transition from offering development to commercialization,demonstrating expertise to establish credibility with major firms,leads to the formation of reference partnerships that reduce liability of newness
partanen2008.md,Social capital in the growth of science-and-technology-based SMEs,"Jukka Partanen, Kristian Möller, Mika Westerlund, Risto Rajala, Arto Rajala",Theme 6: Operational practices of managing external resources,In the transition from commercialization to rapid growth,managing a diversified portfolio of network relationships,supports scalability and reduces dependency on individual partners
partanen2008.md,Social capital in the growth of science-and-technology-based SMEs,"Jukka Partanen, Kristian Möller, Mika Westerlund, Risto Rajala, Arto Rajala",Theme 4: Strategic aspects of exploiting external resources,During rapid growth in science-and-technology-based SMEs,utilizing structural social capital to attract international distributors,decreases the need for personal ties in partner identification
partanen2008.md,Social capital in the growth of science-and-technology-based SMEs,"Jukka Partanen, Kristian Möller, Mika Westerlund, Risto Rajala, Arto Rajala",Theme 5: Open innovation and interorganizational learning,Throughout the growth process of technology-based SMEs,maintaining continuous collaboration with KIT networks,promotes sustained renewal and responsiveness to emerging opportunities
vickery2003.md,The effects of an integrative supply chain strategy on customer service and financial performance: an analysis of direct versus indirect relationships,"Shawnee K. Vickery, Jayanth Jayaram, Cornelia Droge, Roger Calantone",Theme 6: Operational practices of managing external resources,In buyer-supplier-customer networks in the automotive industry,adopting integrative information technologies,leads to enhanced supply chain integration
vickery2003.md,The effects of an integrative supply chain strategy on customer service and financial performance: an analysis of direct versus indirect relationships,"Shawnee K. Vickery, Jayanth Jayaram, Cornelia Droge, Roger Calantone",Theme 3: Interorganizational relationships,In first-tier supplier firms with integrated value chains,increasing supply chain integration,leads to improved customer service
vickery2003.md,The effects of an integrative supply chain strategy on customer service and financial performance: an analysis of direct versus indirect relationships,"Shawnee K. Vickery, Jayanth Jayaram, Cornelia Droge, Roger Calantone",Theme 4: Strategic aspects of exploiting external resources,In competitive manufacturing environments,improving customer service,leads to better financial performance
sluyts2011.md,Building capabilities to manage strategic alliances,"Kim Sluyts, Paul Matthyssens, Rudy Martens, Sandra Streukens",Theme 5: Open innovation and interorganizational learning,In the context of managing strategic alliances,implementing alliance knowledge codification and sharing processes,leads to enhanced alliance performance
sluyts2011.md,Building capabilities to manage strategic alliances,"Kim Sluyts, Paul Matthyssens, Rudy Martens, Sandra Streukens",Theme 5: Open innovation and interorganizational learning,In the context of high top management team (TMT) commitment,involving the top management team in alliance decisions and linking their incentives to alliance outcomes,leads to enhanced alliance capability and performance
sluyts2011.md,Building capabilities to manage strategic alliances,"Kim Sluyts, Paul Matthyssens, Rudy Martens, Sandra Streukens",Theme 6: Operational practices of managing external resources,In the context of establishing an alliance management function,creating a dedicated alliance management department or role,increases alliance capability through improved codification processes
sluyts2011.md,Building capabilities to manage strategic alliances,"Kim Sluyts, Paul Matthyssens, Rudy Martens, Sandra Streukens",Theme 5: Open innovation and interorganizational learning,In the context of prior alliance experience,accumulating experience from multiple strategic alliances,partially mediates the development of alliance learning processes
sluyts2011.md,Building capabilities to manage strategic alliances,"Kim Sluyts, Paul Matthyssens, Rudy Martens, Sandra Streukens",Theme 3: Interorganizational relationships,In the context of an adhocracy organizational culture,fostering an open and innovative culture,enhances alliance knowledge sharing and improves performance
hartley1997.md,Managing the buyer-supplier interface for on-time performance in product development,"Janet L. Hartley, B.J. Zirger, Rajan R. Kamath",Theme 6: Operational practices of managing external resources,In buyer-supplier relationships during product development,selecting suppliers with strong technical capabilities,leads to fewer supplier-related delays
hartley1997.md,Managing the buyer-supplier interface for on-time performance in product development,"Janet L. Hartley, B.J. Zirger, Rajan R. Kamath",Theme 3: Interorganizational relationships,In the context of high supplier-related delays,increasing the percentage of supplier's activities completed on time,decreases overall project delays
hartley1997.md,Managing the buyer-supplier interface for on-time performance in product development,"Janet L. Hartley, B.J. Zirger, Rajan R. Kamath",Theme 1: Decisions on governance mode and mechanism,When managing complex product development projects,placing high priority on the project by top management,decreases overall project delays
hartley1997.md,Managing the buyer-supplier interface for on-time performance in product development,"Janet L. Hartley, B.J. Zirger, Rajan R. Kamath",Theme 4: Strategic aspects of exploiting external resources,In the context of significant product innovation,limiting the degree of technical change in new products,decreases overall project delays
hagberg-andersson2006.md,Does adaptation pay off ?,A˚ sa Hagberg-Andersson,Theme 3: Interorganizational relationships,In buyer-supplier relationships within a supply network,engaging in joint adaptation through shared infrastructure,"leads to improved quality, reduced costs, and strengthened market position for suppliers"
hagberg-andersson2006.md,Does adaptation pay off ?,A˚ sa Hagberg-Andersson,Theme 6: Operational practices of managing external resources,When suppliers face quality demands from a powerful buyer,adopting standardized calibration processes collectively,improves product quality and decreases delays and inspection needs
hagberg-andersson2006.md,Does adaptation pay off ?,A˚ sa Hagberg-Andersson,Theme 2: Network formation and relationship initiation,Among competing suppliers in a regional business network,cooperating with competitors to establish a shared service facility,enables successful collaboration despite competition and leads to mutual efficiency gains
nyaga2009.md,Examining supply chain relationships: Do buyer and supplier perspectives on collaborative relationships differ?,"Gilbert N. Nyaga, Judith M. Whipple, Daniel F. Lynch",Theme 3: Interorganizational relationships,In buyer-supplier collaborative relationships,engaging in information sharing,leads to enhanced commitment and trust
nyaga2009.md,Examining supply chain relationships: Do buyer and supplier perspectives on collaborative relationships differ?,"Gilbert N. Nyaga, Judith M. Whipple, Daniel F. Lynch",Theme 3: Interorganizational relationships,In the context of collaborative supply chain relationships,making dedicated investments,increases commitment but does not directly increase trust
nyaga2009.md,Examining supply chain relationships: Do buyer and supplier perspectives on collaborative relationships differ?,"Gilbert N. Nyaga, Judith M. Whipple, Daniel F. Lynch",Theme 3: Interorganizational relationships,In interfirm collaborations involving joint activities,involving in joint relationship effort,"increases trust, with stronger effects for suppliers than buyers"
nyaga2009.md,Examining supply chain relationships: Do buyer and supplier perspectives on collaborative relationships differ?,"Gilbert N. Nyaga, Judith M. Whipple, Daniel F. Lynch",Theme 3: Interorganizational relationships,In long-term buyer-supplier exchanges,building trust,"leads to higher satisfaction, performance, and commitment, especially for buyers"
nyaga2009.md,Examining supply chain relationships: Do buyer and supplier perspectives on collaborative relationships differ?,"Gilbert N. Nyaga, Judith M. Whipple, Daniel F. Lynch",Theme 3: Interorganizational relationships,When comparing buyer and supplier perspectives,aligning expectations on relational outcomes,supports more balanced satisfaction and sustained collaboration
koufteros2006.md,"‘‘Black-box’’ and ‘‘gray-box’’ supplier integration in product development: Antecedents, consequences and the moderating role of firm size","Xenophon A. Koufteros, T.C. Edwin Cheng, Kee-Hung Lai",Theme 3: Interorganizational relationships,In buyer-supplier relationships,building embeddedness with suppliers,leads to supply base rationalization and supplier selection based on product development capabilities
koufteros2006.md,"‘‘Black-box’’ and ‘‘gray-box’’ supplier integration in product development: Antecedents, consequences and the moderating role of firm size","Xenophon A. Koufteros, T.C. Edwin Cheng, Kee-Hung Lai",Theme 6: Operational practices of managing external resources,In the context of supply base rationalization,involving suppliers in the NPD project,leads to enhanced gray-box integration
koufteros2006.md,"‘‘Black-box’’ and ‘‘gray-box’’ supplier integration in product development: Antecedents, consequences and the moderating role of firm size","Xenophon A. Koufteros, T.C. Edwin Cheng, Kee-Hung Lai",Theme 4: Strategic aspects of exploiting external resources,When selecting suppliers for product development,choosing suppliers based on product development capabilities,leads to higher levels of both black-box and gray-box integration
koufteros2006.md,"‘‘Black-box’’ and ‘‘gray-box’’ supplier integration in product development: Antecedents, consequences and the moderating role of firm size","Xenophon A. Koufteros, T.C. Edwin Cheng, Kee-Hung Lai",Theme 5: Open innovation and interorganizational learning,In product development collaborations,implementing gray-box integration,leads to enhanced product innovation
koufteros2006.md,"‘‘Black-box’’ and ‘‘gray-box’’ supplier integration in product development: Antecedents, consequences and the moderating role of firm size","Xenophon A. Koufteros, T.C. Edwin Cheng, Kee-Hung Lai",Theme 5: Open innovation and interorganizational learning,In the context of product innovation,increasing product innovation,leads to improved external quality
krause1997.md,Supplier Development: Current Practices and Outcomes,Daniel R. Krause,Theme 6: Operational practices of managing external resources,In buyer-supplier relationships,using enforced competition among suppliers,leads to improved supplier performance
krause1997.md,Supplier Development: Current Practices and Outcomes,Daniel R. Krause,Theme 6: Operational practices of managing external resources,In buyer-supplier relationships,promising current or future business benefits,increases supplier motivation to improve performance or capabilities
krause1997.md,Supplier Development: Current Practices and Outcomes,Daniel R. Krause,Theme 3: Interorganizational relationships,In the context of direct involvement in supplier development,engaging in hands-on cooperative activities,"leads to enhanced performance, reduced defects, shorter cycle times, and stronger relationship continuity"
krause1997.md,Supplier Development: Current Practices and Outcomes,Daniel R. Krause,Theme 6: Operational practices of managing external resources,When integrating multiple supplier development approaches,"combining enforced competition, incentives, and direct involvement",leads to significant improvements in supplier performance and capabilities
malhotra2012.md,Are internal manufacturing and external supply chain flexibilities complementary capabilities?,"Manoj K. Malhotra, Alan W. Mackelprang",Theme 6: Operational practices of managing external resources,In the context of modification flexibility,complementing internal modification scope with inbound supplier and outbound logistics flexibilities,leads to improved delivery performance
malhotra2012.md,Are internal manufacturing and external supply chain flexibilities complementary capabilities?,"Manoj K. Malhotra, Alan W. Mackelprang",Theme 6: Operational practices of managing external resources,In the context of modification flexibility,complementing internal modification achievability with inbound supplier and outbound logistics flexibilities,leads to improved delivery performance
malhotra2012.md,Are internal manufacturing and external supply chain flexibilities complementary capabilities?,"Manoj K. Malhotra, Alan W. Mackelprang",Theme 6: Operational practices of managing external resources,In the context of mix flexibility,complementing internal mix achievability with inbound supplier and outbound logistics flexibilities,leads to improved delivery performance
hausman2010.md,"The impact of coercive and non-coercive forms of influence on trust, commitment, and compliance in supply chains","Angela Hausman, Wesley J. Johnston",Theme 3: Interorganizational relationships,In buyer-supplier relationships,using non-coercive influence,leads to enhanced cooperation and compliance
hausman2010.md,"The impact of coercive and non-coercive forms of influence on trust, commitment, and compliance in supply chains","Angela Hausman, Wesley J. Johnston",Theme 3: Interorganizational relationships,In the context of high coercive influence,using coercive influence,decreases cooperation and harms relationship sustainability
hausman2010.md,"The impact of coercive and non-coercive forms of influence on trust, commitment, and compliance in supply chains","Angela Hausman, Wesley J. Johnston",Theme 3: Interorganizational relationships,When low levels of coercive influence are applied,maintaining mild coercive pressure,supports positive relational outcomes without triggering resistance
hausman2010.md,"The impact of coercive and non-coercive forms of influence on trust, commitment, and compliance in supply chains","Angela Hausman, Wesley J. Johnston",Theme 3: Interorganizational relationships,In interdependent supply chain relationships,emphasizing trust development,leads to improved compliance and stronger collaboration
prahinski2004.md,Supplier evaluations: communication strategies to improve supplier performance,"Carol Prahinski, W.C. Benton",Theme 3: Interorganizational relationships,In buyer-supplier relationships,using collaborative communication,leads to enhanced supplier commitment
prahinski2004.md,Supplier evaluations: communication strategies to improve supplier performance,"Carol Prahinski, W.C. Benton",Theme 6: Operational practices of managing external resources,When supplier commitment is high,implementing supplier evaluation communication strategies,improves supplier performance
prahinski2004.md,Supplier evaluations: communication strategies to improve supplier performance,"Carol Prahinski, W.C. Benton",Theme 3: Interorganizational relationships,"In the context of indirect influence, formality, and feedback",emphasizing cooperation and commitment in communication,strengthens the buyer–supplier relationship
stock2000.md,Enterprise logistics and supply chain structure: the role of fit,"Gregory N. Stock, Noel P. Greis, John D. Kasarda",Theme 6: Operational practices of managing external resources,In geographically dispersed supply chains,achieving fit between enterprise logistics and geographic dispersion,leads to enhanced operational performance
stock2000.md,Enterprise logistics and supply chain structure: the role of fit,"Gregory N. Stock, Noel P. Greis, John D. Kasarda",Theme 1: Decisions on governance mode and mechanism,In the context of network-based supply chain structures,avoiding the simultaneous adoption of enterprise logistics and network governance,leads to higher service and financial performance
modi2006.md,Supplier development: Improving supplier performance through knowledge transfer,"Sachin B. Modi, Vincent A. Mabert",Theme 6: Operational practices of managing external resources,In buyer-supplier relationships,conducting evaluation and certification,leads to enhanced operational knowledge transfer activities
modi2006.md,Supplier development: Improving supplier performance through knowledge transfer,"Sachin B. Modi, Vincent A. Mabert",Theme 6: Operational practices of managing external resources,In buyer-supplier relationships,providing future business incentives,leads to enhanced operational knowledge transfer activities
modi2006.md,Supplier development: Improving supplier performance through knowledge transfer,"Sachin B. Modi, Vincent A. Mabert",Theme 6: Operational practices of managing external resources,In buyer-supplier relationships,implementing operational knowledge transfer activities,leads to improved supplier performance
modi2006.md,Supplier development: Improving supplier performance through knowledge transfer,"Sachin B. Modi, Vincent A. Mabert",Theme 3: Interorganizational relationships,In buyer-supplier relationships,implementing operational knowledge transfer activities,leads to enhanced collaborative communication
modi2006.md,Supplier development: Improving supplier performance through knowledge transfer,"Sachin B. Modi, Vincent A. Mabert",Theme 3: Interorganizational relationships,In buyer-supplier relationships,maintaining collaborative communication,leads to improved supplier performance
griffith2005.md,Social exchange in supply chain relationships: The resulting benefits of procedural and distributive justice,"David A. Griffith, Michael G. Harvey, Robert F. Lusch",Theme 3: Interorganizational relationships,In buyer-supplier relationships,emphasizing procedural justice,leads to enhanced relational behaviors and reduced conflict
griffith2005.md,Social exchange in supply chain relationships: The resulting benefits of procedural and distributive justice,"David A. Griffith, Michael G. Harvey, Robert F. Lusch",Theme 3: Interorganizational relationships,In buyer-supplier relationships,ensuring distributive justice,increases long-term orientation and relational behaviors
griffith2005.md,Social exchange in supply chain relationships: The resulting benefits of procedural and distributive justice,"David A. Griffith, Michael G. Harvey, Robert F. Lusch",Theme 3: Interorganizational relationships,In the context of high relational interdependence,maintaining long-term orientation,decreases conflict and increases satisfaction
griffith2005.md,Social exchange in supply chain relationships: The resulting benefits of procedural and distributive justice,"David A. Griffith, Michael G. Harvey, Robert F. Lusch",Theme 6: Operational practices of managing external resources,In ongoing supply chain relationships,engaging in relational behaviors,reduces conflict and supports improved performance
griffith2005.md,Social exchange in supply chain relationships: The resulting benefits of procedural and distributive justice,"David A. Griffith, Michael G. Harvey, Robert F. Lusch",Theme 6: Operational practices of managing external resources,When conflict is present in supply chain relationships,reducing conflict,leads to improved distributor performance
krishnan2006.md,WHEN DOES TRUST MATTER TO ALLIANCE PERFORMANCE?,"Rekha Krishnan, Xavier Martin, Niels G. Noorderhaven",Theme 3: Interorganizational relationships,In the context of high behavioral uncertainty,maintaining interorganizational trust,leads to enhanced alliance performance
krishnan2006.md,WHEN DOES TRUST MATTER TO ALLIANCE PERFORMANCE?,"Rekha Krishnan, Xavier Martin, Niels G. Noorderhaven",Theme 3: Interorganizational relationships,In the context of high environmental uncertainty,maintaining interorganizational trust,weakens alliance performance
laaksonen2008.md,Co-evolution of trust and dependence in customer–supplier relationships,"Toni Laaksonen, Kalle Pajunen, Harri I. Kulmala",Theme 3: Interorganizational relationships,In customer–supplier relationships with increasing interdependence,balancing interfirm trust and dependence through relationship-specific investments and commitments,leads to sustained co-evolution of trust and dependence
laaksonen2008.md,Co-evolution of trust and dependence in customer–supplier relationships,"Toni Laaksonen, Kalle Pajunen, Harri I. Kulmala",Theme 3: Interorganizational relationships,In the context of decreasing customer purchases,failing to maintain supplier trust through long-term commitment,leads to imbalance between trust and dependence
laaksonen2008.md,Co-evolution of trust and dependence in customer–supplier relationships,"Toni Laaksonen, Kalle Pajunen, Harri I. Kulmala",Theme 2: Network formation and relationship initiation,During partner selection in customer–supplier relationships,choosing partners based on mutual trust and complementary resources,supports the co-evolution of trust and interdependence
laaksonen2008.md,Co-evolution of trust and dependence in customer–supplier relationships,"Toni Laaksonen, Kalle Pajunen, Harri I. Kulmala",Theme 3: Interorganizational relationships,In evolving customer–supplier relationships,building goodwill and competence trust over time,ensures proper co-evolution of trust and dependence
laaksonen2008.md,Co-evolution of trust and dependence in customer–supplier relationships,"Toni Laaksonen, Kalle Pajunen, Harri I. Kulmala",Theme 6: Operational practices of managing external resources,In the context of transaction-specific investments and mutual commitment,making transaction-specific human and organizational investments,enhances interdependence and trust simultaneously
poppo2002.md,DO FORMAL CONTRACTS AND RELATIONAL GOVERNANCE FUNCTION AS SUBSTITUTES OR COMPLEMENTS?,"Laura Poppo, Todd Zenger",Theme 1: Decisions on governance mode and mechanism,In interorganizational exchanges with high asset specificity,choosing more complex formal contracts,leads to enhanced contractual complexity
poppo2002.md,DO FORMAL CONTRACTS AND RELATIONAL GOVERNANCE FUNCTION AS SUBSTITUTES OR COMPLEMENTS?,"Laura Poppo, Todd Zenger",Theme 3: Interorganizational relationships,In the context of increasing contractual complexity,building relational governance,increases relational governance
poppo2002.md,DO FORMAL CONTRACTS AND RELATIONAL GOVERNANCE FUNCTION AS SUBSTITUTES OR COMPLEMENTS?,"Laura Poppo, Todd Zenger",Theme 3: Interorganizational relationships,In the context of growing relational governance,increasing contractual complexity,enhances contractual complexity
poppo2002.md,DO FORMAL CONTRACTS AND RELATIONAL GOVERNANCE FUNCTION AS SUBSTITUTES OR COMPLEMENTS?,"Laura Poppo, Todd Zenger",Theme 6: Operational practices of managing external resources,In buyer-supplier relationships in information services,combining relational governance and contractual complexity,leads to higher exchange performance
payan2005.md,Decomposing Influence Strategies: Argument Structure and Dependence as Determinants of the Effectiveness of Influence Strategies in Gaining Channel Member Compliance,"Janice M. Payan, Richard G. McFarland",Theme 3: Interorganizational relationships,In buyer-supplier relationships,using noncoercive influence strategies with complete argument structure,leads to higher compliance
payan2005.md,Decomposing Influence Strategies: Argument Structure and Dependence as Determinants of the Effectiveness of Influence Strategies in Gaining Channel Member Compliance,"Janice M. Payan, Richard G. McFarland",Theme 1: Decisions on governance mode and mechanism,When target dependence is high,using coercive influence strategies such as Threats,leads to increased compliance
payan2005.md,Decomposing Influence Strategies: Argument Structure and Dependence as Determinants of the Effectiveness of Influence Strategies in Gaining Channel Member Compliance,"Janice M. Payan, Richard G. McFarland",Theme 3: Interorganizational relationships,Under conditions of low trust,using Recommendation-based influence strategies,results in reduced compliance
dyer2006.md,RELATION-SPECIFIC CAPABILITIES AND BARRIERS TO KNOWLEDGE TRANSFERS: CREATING ADVANTAGE THROUGH NETWORK RELATIONSHIPS,"Jeffrey H. Dyer, Nile W. Hatch",Theme 5: Open innovation and interorganizational learning,In buyer-supplier relationships within the automotive industry,increasing customer-to-supplier knowledge transfers,leads to enhanced quality and productivity performance for that customer
dyer2006.md,RELATION-SPECIFIC CAPABILITIES AND BARRIERS TO KNOWLEDGE TRANSFERS: CREATING ADVANTAGE THROUGH NETWORK RELATIONSHIPS,"Jeffrey H. Dyer, Nile W. Hatch",Theme 3: Interorganizational relationships,When suppliers serve multiple customers with different network demands,maintaining distinct interorganizational routines and policies across buyer networks,preserves differential performance advantages within the same supplier
dyer2006.md,RELATION-SPECIFIC CAPABILITIES AND BARRIERS TO KNOWLEDGE TRANSFERS: CREATING ADVANTAGE THROUGH NETWORK RELATIONSHIPS,"Jeffrey H. Dyer, Nile W. Hatch",Theme 6: Operational practices of managing external resources,In the presence of high process rigidities and asset specificity,designing inflexible manufacturing cells with high capital investment,reduces the likelihood of transferring knowledge from more advanced networks
handley2011.md,The perilous effects of capability loss on outsourcing management and performance,Sean M. Handley,Theme 6: Operational practices of managing external resources,In the context of outsourcing initiatives,conducting a thorough capability evaluation,decreases capability loss
handley2011.md,The perilous effects of capability loss on outsourcing management and performance,Sean M. Handley,Theme 3: Interorganizational relationships,In buyer-supplier outsourcing relationships,experiencing extensive capability loss,hinders development of a committed and cooperative relationship
handley2011.md,The perilous effects of capability loss on outsourcing management and performance,Sean M. Handley,Theme 3: Interorganizational relationships,In outsourcing relationships,building a committed and cooperative relationship,leads to enhanced outsourcing performance
handley2011.md,The perilous effects of capability loss on outsourcing management and performance,Sean M. Handley,Theme 6: Operational practices of managing external resources,In the context of high capability loss from outsourcing,disposing of internal operational capabilities,directly decreases outsourcing performance
cousins2005.md,The implications of socialization and integration in supply chain management,"Paul D. Cousins, Bulent Menguc",Theme 6: Operational practices of managing external resources,In buyer-supplier relationships,increasing the extent of socialization mechanisms,leads to enhanced supplier operational and communication performance
cousins2005.md,The implications of socialization and integration in supply chain management,"Paul D. Cousins, Bulent Menguc",Theme 6: Operational practices of managing external resources,In the context of supply chain integration,implementing integration practices,improves supplier communication performance
cousins2005.md,The implications of socialization and integration in supply chain management,"Paul D. Cousins, Bulent Menguc",Theme 3: Interorganizational relationships,In close buyer-supplier relationships,"using joint workshops, site visits, and team building exercises",leads to higher levels of perceived contractual conformance
morris2005.md,Relationship Marketing and Supplier Logistics Performance: An Extension of the Key Mediating Variables Model,"Matthew Morris, Craig R. Carter",Theme 3: Interorganizational relationships,In buyer-supplier relationships,increasing cooperation,leads to improved supplier logistics performance
morris2005.md,Relationship Marketing and Supplier Logistics Performance: An Extension of the Key Mediating Variables Model,"Matthew Morris, Craig R. Carter",Theme 6: Operational practices of managing external resources,In the context of decision-making uncertainty,reducing uncertainty,decreases delays and improves on-time delivery and fill rates
10.1016@j.indmarman.2012.08.001.md,Enabling relationship structures and relationship performance improvement: The moderating role of relational capital,"Marko Kohtamäki, Jukka Vesalainen, Stephan Henneberg, Peter Naudé, Marc J. Ventresca",Theme 3: Interorganizational relationships,In asymmetric subcontractor–customer relationships,building relational capital,leads to improved relationship performance
10.1016@j.indmarman.2012.08.001.md,Enabling relationship structures and relationship performance improvement: The moderating role of relational capital,"Marko Kohtamäki, Jukka Vesalainen, Stephan Henneberg, Peter Naudé, Marc J. Ventresca",Theme 6: Operational practices of managing external resources,In the context of high dependency and long-term exchange,making relationship-specific investments,improves operational performance in the relationship
10.1016@j.indmarman.2012.08.001.md,Enabling relationship structures and relationship performance improvement: The moderating role of relational capital,"Marko Kohtamäki, Jukka Vesalainen, Stephan Henneberg, Peter Naudé, Marc J. Ventresca",Theme 1: Decisions on governance mode and mechanism,When relational capital is present,implementing relationship structures,positively impacts relationship performance improvement
petersen2008.md,BUYER DEPENDENCY AND RELATIONAL CAPITAL FORMATION: THE MEDIATING EFFECTS OF SOCIALIZATION PROCESSES AND SUPPLIER INTEGRATION,"Kenneth J. Petersen, Robert B. Handfield, Benn Lawson, Paul D. Cousins",Theme 3: Interorganizational relationships,In buyer-supplier relationships with high buyer dependency,using socialization processes,leads to enhanced relational capital
petersen2008.md,BUYER DEPENDENCY AND RELATIONAL CAPITAL FORMATION: THE MEDIATING EFFECTS OF SOCIALIZATION PROCESSES AND SUPPLIER INTEGRATION,"Kenneth J. Petersen, Robert B. Handfield, Benn Lawson, Paul D. Cousins",Theme 6: Operational practices of managing external resources,When socialization processes are implemented in buyer-supplier relationships,increasing supplier integration,leads to enhanced relational capital
petersen2008.md,BUYER DEPENDENCY AND RELATIONAL CAPITAL FORMATION: THE MEDIATING EFFECTS OF SOCIALIZATION PROCESSES AND SUPPLIER INTEGRATION,"Kenneth J. Petersen, Robert B. Handfield, Benn Lawson, Paul D. Cousins",Theme 3: Interorganizational relationships,In the context of high buyer dependency on a critical supplier,emphasizing socialization over coercive power use,supports long-term relational resilience and mutual support
fang2008.md,Customer Participation and the Trade-Off Between New Product Innovativeness and Speed to Market,Fang,Theme 6: Operational practices of managing external resources,In buyer-supplier new product development projects with high downstream customer network connectivity,using customers as information sources,hurts new product innovativeness
fang2008.md,Customer Participation and the Trade-Off Between New Product Innovativeness and Speed to Market,Fang,Theme 6: Operational practices of managing external resources,In buyer-supplier new product development projects with high downstream customer network connectivity,using customers as information sources,improves new product speed to market
fang2008.md,Customer Participation and the Trade-Off Between New Product Innovativeness and Speed to Market,Fang,Theme 6: Operational practices of managing external resources,In new product development projects with high process interdependence,involving customers as codevelopers,delays new product speed to market
fang2008.md,Customer Participation and the Trade-Off Between New Product Innovativeness and Speed to Market,Fang,Theme 6: Operational practices of managing external resources,In new product development projects with low process interdependence,involving customers as codevelopers,improves new product speed to market but reduces innovativeness
10.1016@j.indmarman.2012.10.004.md,"The drivers of customer attractiveness, supplier satisfaction and preferred customer status: A literature review","Lisa Hüttinger, Holger Schiele, Jasper Veldman",Theme 3: Interorganizational relationships,In buyer-supplier relationships,"emphasizing relational quality through trust, commitment, and fairness",leads to preferential treatment by suppliers
10.1016@j.indmarman.2012.10.004.md,"The drivers of customer attractiveness, supplier satisfaction and preferred customer status: A literature review","Lisa Hüttinger, Holger Schiele, Jasper Veldman",Theme 6: Operational practices of managing external resources,In the context of ongoing buyer-supplier interactions,"improving operational excellence in order processing, delivery, and communication",increases supplier satisfaction
10.1016@j.indmarman.2012.10.004.md,"The drivers of customer attractiveness, supplier satisfaction and preferred customer status: A literature review","Lisa Hüttinger, Holger Schiele, Jasper Veldman",Theme 4: Strategic aspects of exploiting external resources,When competing for access to key suppliers,investing in strategic compatibility through shared goals and early involvement,leads to preferred customer status and enhanced innovation support
10.1016@j.indmarman.2012.10.004.md,"The drivers of customer attractiveness, supplier satisfaction and preferred customer status: A literature review","Lisa Hüttinger, Holger Schiele, Jasper Veldman",Theme 1: Decisions on governance mode and mechanism,In the context of high dependency on critical suppliers,choosing long-term commitments and dedicated investments,leads to increased supplier responsiveness and resource allocation priority
10.1016@j.indmarman.2012.10.004.md,"The drivers of customer attractiveness, supplier satisfaction and preferred customer status: A literature review","Lisa Hüttinger, Holger Schiele, Jasper Veldman",Theme 5: Open innovation and interorganizational learning,In collaborative product development settings,involving suppliers early in innovation projects,promotes supplier innovativeness and willingness to share new ideas
geyskens2006.md,"MAKE, BUY, OR ALLY: A TRANSACTION COST THEORY META-ANALYSIS","Inge Geyskens, Jan-Benedict E. M. Steenkamp, Nirmalya Kumar",Theme 1: Decisions on governance mode and mechanism,"In the context of high asset specificity, volume uncertainty, and behavioral uncertainty",choosing hierarchical governance,leads to enhanced performance
geyskens2006.md,"MAKE, BUY, OR ALLY: A TRANSACTION COST THEORY META-ANALYSIS","Inge Geyskens, Jan-Benedict E. M. Steenkamp, Nirmalya Kumar",Theme 1: Decisions on governance mode and mechanism,In the context of high asset specificity,choosing relational governance,leads to enhanced performance
geyskens2006.md,"MAKE, BUY, OR ALLY: A TRANSACTION COST THEORY META-ANALYSIS","Inge Geyskens, Jan-Benedict E. M. Steenkamp, Nirmalya Kumar",Theme 1: Decisions on governance mode and mechanism,In the context of technological uncertainty,using market governance,decreases adaptation costs and reduces delays
10.1111@j.1745-493X.2007.00040.x.md,"E-Reverse Auctions Revisited: An Analysis of Context, Buyer–Supplier Relations and Information Behavior","Andrea Lo¨sch, J. Siaˆn Lambert",Theme 3: Interorganizational relationships,In the context of e-reverse auctions,emphasizing high quality of information exchange and communication,leads to enhanced buyer–supplier relationships
10.1111@j.1745-493X.2007.00040.x.md,"E-Reverse Auctions Revisited: An Analysis of Context, Buyer–Supplier Relations and Information Behavior","Andrea Lo¨sch, J. Siaˆn Lambert",Theme 5: Open innovation and interorganizational learning,In the context of e-reverse auctions,valuing diverse types and sources of information during information seeking,increases commitment and relationship continuity
10.1111@j.1745-493X.2007.00040.x.md,"E-Reverse Auctions Revisited: An Analysis of Context, Buyer–Supplier Relations and Information Behavior","Andrea Lo¨sch, J. Siaˆn Lambert",Theme 6: Operational practices of managing external resources,In the context of e-reverse auctions,using multiple communication media including traditional channels,enhances supplier satisfaction and relationship quality
stump1997.md,Employing Information Technology in Purchasing,"Rodney L. Stump, Ven Sriram",Theme 1: Decisions on governance mode and mechanism,In buyer-supplier relationships,investing in information technology,leads to enhanced performance
stump1997.md,Employing Information Technology in Purchasing,"Rodney L. Stump, Ven Sriram",Theme 6: Operational practices of managing external resources,In the context of purchasing function support,using IT in transaction processing,decreases the size of the supplier base
stump1997.md,Employing Information Technology in Purchasing,"Rodney L. Stump, Ven Sriram",Theme 3: Interorganizational relationships,In buyer-supplier networks,increasing the percentage of IT-mediated transactions,increases the closeness of buyer-supplier relationships
stump1997.md,Employing Information Technology in Purchasing,"Rodney L. Stump, Ven Sriram",Theme 2: Network formation and relationship initiation,When buyers invest in IT,involving suppliers in IT-enabled transactions,leads to supplier base rationalization
walton1997.md,The Relationship Between EDI and Supplier Reliability,"Steve V. Walton, Ann S. Marucheck",Theme 6: Operational practices of managing external resources,In buyer-supplier relationships using EDI for purchase order transmission,increasing integration of EDI with internal computer applications,leads to improved quality and correct item/mix delivery performance
walton1997.md,The Relationship Between EDI and Supplier Reliability,"Steve V. Walton, Ann S. Marucheck",Theme 3: Interorganizational relationships,In the context of high information uncertainty in supply chains,emphasizing buyer's sharing of planned production and capacity information,leads to enhanced supplier reliability in quality and item/mix accuracy
walton1997.md,The Relationship Between EDI and Supplier Reliability,"Steve V. Walton, Ann S. Marucheck",Theme 6: Operational practices of managing external resources,When implementing EDI systems within procurement operations,investing more in EDI software and hardware acquisition,"leads to better supplier performance, particularly in product quality"
walton1997.md,The Relationship Between EDI and Supplier Reliability,"Steve V. Walton, Ann S. Marucheck",Theme 2: Network formation and relationship initiation,During the expansion of EDI usage across multiple suppliers,involving a greater number of suppliers in EDI over time,leads to improved supplier reliability as EDI becomes institutionalized
leonidou2008.md,Exercised power as a driver of trust and commitment in cross-border industrial buyer–seller relationships,"Leonidas C. Leonidou, Michael A. Talias, Constantinos N. Leonidou",Theme 3: Interorganizational relationships,In cross-border industrial buyer–seller relationships,exercising coercive power,leads to lower trust and weaker commitment
leonidou2008.md,Exercised power as a driver of trust and commitment in cross-border industrial buyer–seller relationships,"Leonidas C. Leonidou, Michael A. Talias, Constantinos N. Leonidou",Theme 3: Interorganizational relationships,In cross-border industrial buyer–seller relationships,exercising non-coercive power,enhances trust and strengthens commitment
leonidou2008.md,Exercised power as a driver of trust and commitment in cross-border industrial buyer–seller relationships,"Leonidas C. Leonidou, Michael A. Talias, Constantinos N. Leonidou",Theme 3: Interorganizational relationships,In the presence of relationship conflict,maintaining low conflict levels,leads to higher trust
leonidou2008.md,Exercised power as a driver of trust and commitment in cross-border industrial buyer–seller relationships,"Leonidas C. Leonidou, Michael A. Talias, Constantinos N. Leonidou",Theme 3: Interorganizational relationships,When past exchange outcomes are favorable,achieving high satisfaction,fosters trust
leonidou2008.md,Exercised power as a driver of trust and commitment in cross-border industrial buyer–seller relationships,"Leonidas C. Leonidou, Michael A. Talias, Constantinos N. Leonidou",Theme 3: Interorganizational relationships,In long-term interfirm relationships,building trust,leads to stronger commitment
kale2002.md,"ALLIANCE CAPABILITY, STOCK MARKET RESPONSE, AND LONG-TERM ALLIANCE SUCCESS: THE ROLE OF THE ALLIANCE FUNCTION","Prashant Kale, Jeffrey H. Dyer, Harbir Singh",Theme 4: Strategic aspects of exploiting external resources,In the context of managing interfirm alliances,investing in a dedicated alliance function,leads to enhanced performance as measured by higher abnormal stock market returns and greater long-term alliance success
kale2002.md,"ALLIANCE CAPABILITY, STOCK MARKET RESPONSE, AND LONG-TERM ALLIANCE SUCCESS: THE ROLE OF THE ALLIANCE FUNCTION","Prashant Kale, Jeffrey H. Dyer, Harbir Singh",Theme 6: Operational practices of managing external resources,In buyer-supplier relationships and interorganizational collaborations,codifying alliance management knowledge and practices,reduces failures and increases the success rate of alliances
kale2002.md,"ALLIANCE CAPABILITY, STOCK MARKET RESPONSE, AND LONG-TERM ALLIANCE SUCCESS: THE ROLE OF THE ALLIANCE FUNCTION","Prashant Kale, Jeffrey H. Dyer, Harbir Singh",Theme 3: Interorganizational relationships,In the context of repeated alliance formation,involving a centralized alliance function in partner selection and governance,leads to more harmonious relationships and higher achievement of strategic objectives
rogers2006.md,A supplier development program: Rational process or institutional image construction?,"Keith W. Rogers, Lyn Purdy, Frank Safayeni, P. Robert Duimering",Theme 6: Operational practices of managing external resources,In buyer-supplier relationships under coercive institutional pressure,implementing supplier development workshops,leads to biased positive reporting of performance improvements
rogers2006.md,A supplier development program: Rational process or institutional image construction?,"Keith W. Rogers, Lyn Purdy, Frank Safayeni, P. Robert Duimering",Theme 3: Interorganizational relationships,In the context of asymmetric power between a dominant customer and its suppliers,involving suppliers in mandated development programs,results in the attribution of pre-existing solutions to workshop outcomes
rogers2006.md,A supplier development program: Rational process or institutional image construction?,"Keith W. Rogers, Lyn Purdy, Frank Safayeni, P. Robert Duimering",Theme 1: Decisions on governance mode and mechanism,When supplier development is institutionally mandated rather than voluntarily adopted,choosing hierarchical governance with formal evaluation metrics,leads to inflated post-workshop performance measurements compared to initial predictions
sanders2007.md,An empirical study of the impact of e-business technologies on organizational collaboration and performance,Nada R. Sanders,Theme 6: Operational practices of managing external resources,In buyer-supplier relationships in manufacturing firms,using e-business technologies,leads to improved organizational performance
sanders2007.md,An empirical study of the impact of e-business technologies on organizational collaboration and performance,Nada R. Sanders,Theme 3: Interorganizational relationships,In the context of inter-organizational collaboration with suppliers,involving suppliers in collaborative planning and real-time information sharing,improves intra-organizational collaboration
sanders2007.md,An empirical study of the impact of e-business technologies on organizational collaboration and performance,Nada R. Sanders,Theme 6: Operational practices of managing external resources,Within large manufacturing organizations,investing in e-business technologies,increases intra- and inter-organizational collaboration
sanders2007.md,An empirical study of the impact of e-business technologies on organizational collaboration and performance,Nada R. Sanders,Theme 3: Interorganizational relationships,When firms engage in inter-organizational collaboration,emphasizing operational linkages with suppliers,leads to enhanced intra-organizational collaboration
sanders2007.md,An empirical study of the impact of e-business technologies on organizational collaboration and performance,Nada R. Sanders,Theme 6: Operational practices of managing external resources,In the presence of strong intra-organizational collaboration,building integrated databases and cross-functional planning processes,leads to improved organizational performance
tiwana2007.md,DOES PERIPHERAL KNOWLEDGE COMPLEMENT CONTROL? AN EMPIRICAL TEST IN TECHNOLOGY OUTSOURCING ALLIANCES,"Amrit Tiwana, Mark Keil",Theme 6: Operational practices of managing external resources,In technology outsourcing alliances,maintaining peripheral knowledge,leads to enhanced alliance performance
tiwana2007.md,DOES PERIPHERAL KNOWLEDGE COMPLEMENT CONTROL? AN EMPIRICAL TEST IN TECHNOLOGY OUTSOURCING ALLIANCES,"Amrit Tiwana, Mark Keil",Theme 6: Operational practices of managing external resources,In technology outsourcing alliances with process-based control,maintaining peripheral knowledge,decreases alliance performance
tiwana2008.md,DO BRIDGING TIES COMPLEMENT STRONG TIES? AN EMPIRICAL EXAMINATION OF ALLIANCE AMBIDEXTERITY,Amrit Tiwana,Theme 3: Interorganizational relationships,In innovation-seeking project alliances,increasing strong ties,leads to enhanced alliance ambidexterity
tiwana2008.md,DO BRIDGING TIES COMPLEMENT STRONG TIES? AN EMPIRICAL EXAMINATION OF ALLIANCE AMBIDEXTERITY,Amrit Tiwana,Theme 5: Open innovation and interorganizational learning,In the context of high bridging ties in a project alliance,involving strong ties,leads to enhanced knowledge integration and alliance ambidexterity
tiwana2008.md,DO BRIDGING TIES COMPLEMENT STRONG TIES? AN EMPIRICAL EXAMINATION OF ALLIANCE AMBIDEXTERITY,Amrit Tiwana,Theme 6: Operational practices of managing external resources,In project-level alliance tie portfolios,combining bridging ties and strong ties,leads to improved alliance ambidexterity
fawcett2012.md,PEEKING INSIDE THE BLACK BOX: TOWARD AN UNDERSTANDING OF SUPPLY CHAIN COLLABORATION DYNAMICS,"Stanley E. Fawcett, Amydee M. Fawcett, Bradlee J. Watson, Gregory M. Magnan",Theme 6: Operational practices of managing external resources,In the context of intense price pressure and customer demands,initiating a collaborative capability,leads to enhanced operational and financial performance
fawcett2012.md,PEEKING INSIDE THE BLACK BOX: TOWARD AN UNDERSTANDING OF SUPPLY CHAIN COLLABORATION DYNAMICS,"Stanley E. Fawcett, Amydee M. Fawcett, Bradlee J. Watson, Gregory M. Magnan",Theme 3: Interorganizational relationships,In buyer-supplier and interfunctional relationships,mitigating structural and cultural resistors,decreases resistance to change and supports collaboration development
fawcett2012.md,PEEKING INSIDE THE BLACK BOX: TOWARD AN UNDERSTANDING OF SUPPLY CHAIN COLLABORATION DYNAMICS,"Stanley E. Fawcett, Amydee M. Fawcett, Bradlee J. Watson, Gregory M. Magnan",Theme 6: Operational practices of managing external resources,In firms pursuing supply chain collaboration,"investing in collaboration enablers such as aligned goals, information sharing, and teaming structures","leads to improved productivity, lower costs, and higher service levels"
fawcett2012.md,PEEKING INSIDE THE BLACK BOX: TOWARD AN UNDERSTANDING OF SUPPLY CHAIN COLLABORATION DYNAMICS,"Stanley E. Fawcett, Amydee M. Fawcett, Bradlee J. Watson, Gregory M. Magnan",Theme 3: Interorganizational relationships,In the presence of entrenched organizational inertia and misaligned incentives,strengthening managerial commitment to collaboration,increases the likelihood of developing a dynamic collaborative capability
fawcett2012.md,PEEKING INSIDE THE BLACK BOX: TOWARD AN UNDERSTANDING OF SUPPLY CHAIN COLLABORATION DYNAMICS,"Stanley E. Fawcett, Amydee M. Fawcett, Bradlee J. Watson, Gregory M. Magnan",Theme 5: Open innovation and interorganizational learning,During the implementation of collaborative initiatives,generating early wins and disseminating success stories,promotes continued investment in collaboration and reinforces commitment
feng2010.md,The effects of customer and supplier involvement on competitive advantage: An empirical study in China,"Taiwen Feng, Linyan Sun, Ying Zhang",Theme 6: Operational practices of managing external resources,In Chinese manufacturing firms,involving customers in product development and continuous improvement,"leads to improved product quality, delivery reliability, process flexibility, and customer service"
feng2010.md,The effects of customer and supplier involvement on competitive advantage: An empirical study in China,"Taiwen Feng, Linyan Sun, Ying Zhang",Theme 6: Operational practices of managing external resources,In Chinese manufacturing firms,involving suppliers in product design and development,decreases costs and supports cost leadership
chang2012.md,Using influence strategies to advance supplier delivery flexibility: The moderating roles of trust and shared vision,"Kuo-Hsiung Chang, Hsu-Feng Huang",Theme 3: Interorganizational relationships,In buyer-supplier relationships,using promise strategy,leads to enhanced supplier delivery flexibility
chang2012.md,Using influence strategies to advance supplier delivery flexibility: The moderating roles of trust and shared vision,"Kuo-Hsiung Chang, Hsu-Feng Huang",Theme 3: Interorganizational relationships,In buyer-supplier relationships with high shared vision,using promise strategy,decreases supplier delivery flexibility
chang2012.md,Using influence strategies to advance supplier delivery flexibility: The moderating roles of trust and shared vision,"Kuo-Hsiung Chang, Hsu-Feng Huang",Theme 3: Interorganizational relationships,In buyer-supplier relationships,using request strategy,decreases supplier delivery flexibility
chang2012.md,Using influence strategies to advance supplier delivery flexibility: The moderating roles of trust and shared vision,"Kuo-Hsiung Chang, Hsu-Feng Huang",Theme 3: Interorganizational relationships,In buyer-supplier relationships with high shared vision,using recommendation strategy,leads to enhanced supplier delivery flexibility
chang2012.md,Using influence strategies to advance supplier delivery flexibility: The moderating roles of trust and shared vision,"Kuo-Hsiung Chang, Hsu-Feng Huang",Theme 3: Interorganizational relationships,In buyer-supplier relationships with high trust,using noncoercive strategies (recommendations and information exchange),decreases supplier delivery flexibility
cousins2006.md,Creating supply chain relational capital: The impact of formal and informal socialization processes,"Paul D. Cousins, Robert B. Handfield, Benn Lawson, Kenneth J. Petersen",Theme 3: Interorganizational relationships,In buyer-supplier relationships,maintaining informal socialization processes,leads to enhanced relational capital
cousins2006.md,Creating supply chain relational capital: The impact of formal and informal socialization processes,"Paul D. Cousins, Robert B. Handfield, Benn Lawson, Kenneth J. Petersen",Theme 3: Interorganizational relationships,In the context of high relational capital between buyers and suppliers,building relational capital,leads to improved supplier relationship outcomes such as better product and process design
carson2006.md,"UNCERTAINTY, OPPORTUNISM, AND GOVERNANCE: THE EFFECTS OF VOLATILITY AND AMBIGUITY ON FORMAL AND RELATIONAL CONTRACTING","Stephen J. Carson, Anoop Madhok, Tao Wu",Theme 1: Decisions on governance mode and mechanism,In the context of high environmental volatility,using relational contracting,leads to reduced opportunism
carson2006.md,"UNCERTAINTY, OPPORTUNISM, AND GOVERNANCE: THE EFFECTS OF VOLATILITY AND AMBIGUITY ON FORMAL AND RELATIONAL CONTRACTING","Stephen J. Carson, Anoop Madhok, Tao Wu",Theme 1: Decisions on governance mode and mechanism,In the context of high ambiguity,using formal contracting,leads to reduced opportunism
carson2006.md,"UNCERTAINTY, OPPORTUNISM, AND GOVERNANCE: THE EFFECTS OF VOLATILITY AND AMBIGUITY ON FORMAL AND RELATIONAL CONTRACTING","Stephen J. Carson, Anoop Madhok, Tao Wu",Theme 3: Interorganizational relationships,In buyer-supplier relationships with high ambiguity,relying on relational contracting,increases supplier opportunism
carson2006.md,"UNCERTAINTY, OPPORTUNISM, AND GOVERNANCE: THE EFFECTS OF VOLATILITY AND AMBIGUITY ON FORMAL AND RELATIONAL CONTRACTING","Stephen J. Carson, Anoop Madhok, Tao Wu",Theme 3: Interorganizational relationships,In buyer-supplier relationships with high volatility,relying on formal contracting,increases supplier opportunism
hald2009.md,Towards an understanding of attraction in buyer–supplier relationships,"Kim Sundtoft Hald, Carlos Cordón, Thomas E. Vollmann",Theme 3: Interorganizational relationships,In buyer-supplier dyads,"enhancing perceived expected value, trust, and dependence",leads to enhanced relationship performance and joint improvement efforts
hald2009.md,Towards an understanding of attraction in buyer–supplier relationships,"Kim Sundtoft Hald, Carlos Cordón, Thomas E. Vollmann",Theme 3: Interorganizational relationships,When trust is high,increasing interdependence through transaction-specific investments,strengthens mutual attraction and supports long-term cooperation
hald2009.md,Towards an understanding of attraction in buyer–supplier relationships,"Kim Sundtoft Hald, Carlos Cordón, Thomas E. Vollmann",Theme 3: Interorganizational relationships,When dependence is high but trust is low,failing to build trust while increasing dependence,decreases attraction and leads to disengagement or exit from the relationship
hald2009.md,Towards an understanding of attraction in buyer–supplier relationships,"Kim Sundtoft Hald, Carlos Cordón, Thomas E. Vollmann",Theme 6: Operational practices of managing external resources,In the context of managing buyer–supplier relationships,"using joint mechanisms such as investment, adaptation, communication, and institutionalization",improves coordination and enhances mutual attraction
whipple2000.md,Strategic Alliance Success Factors,"Judith M. Whipple, Robert Frankel",Theme 3: Interorganizational relationships,In buyer-supplier strategic alliances,building trust,leads to enhanced performance and long-term alliance success
whipple2000.md,Strategic Alliance Success Factors,"Judith M. Whipple, Robert Frankel",Theme 3: Interorganizational relationships,In buyer-supplier strategic alliances,maintaining senior management support,supports effective decision-making and sustains alliance development
whipple2000.md,Strategic Alliance Success Factors,"Judith M. Whipple, Robert Frankel",Theme 6: Operational practices of managing external resources,In long-term buyer-supplier alliances,establishing clear goals,improves goal achievement and coordination between partners
whipple2000.md,Strategic Alliance Success Factors,"Judith M. Whipple, Robert Frankel",Theme 3: Interorganizational relationships,In strategic alliances with interdependence between partners,ensuring partner compatibility,reduces conflicts and enhances cooperation in day-to-day and strategic activities
whipple2000.md,Strategic Alliance Success Factors,"Judith M. Whipple, Robert Frankel",Theme 6: Operational practices of managing external resources,In mature buyer-supplier alliances,implementing joint performance evaluation,decreases performance gaps and improves mutual satisfaction
wu2009.md,Supplier–supplier relationships in buyer–supplier–supplier triads: Implications for supplier performance,"Zhaohui Wu, Thomas Y. Choi, M. Johnny Rungtusanatham",Theme 3: Interorganizational relationships,In buyer-supplier-supplier triads,exerting buyer influence on supplier-supplier co-opetition,leads to more intense supplier-supplier co-opetition
wu2009.md,Supplier–supplier relationships in buyer–supplier–supplier triads: Implications for supplier performance,"Zhaohui Wu, Thomas Y. Choi, M. Johnny Rungtusanatham",Theme 6: Operational practices of managing external resources,In the context of high supplier-supplier co-opetition,mandating cooperative behavior between competing suppliers,decreases supplier performance
mishra2008.md,In union lies strength: Collaborative competence in new product development and its performance effects,"Anant A. Mishra, Rachna Shah",Theme 6: Operational practices of managing external resources,In new product development projects,"involving suppliers, customers, and cross-functional teams simultaneously",leads to enhanced project performance
mishra2008.md,In union lies strength: Collaborative competence in new product development and its performance effects,"Anant A. Mishra, Rachna Shah",Theme 3: Interorganizational relationships,In the context of inter- and intra-organizational collaboration in NPD,developing collaborative competence,improves project performance which in turn leads to better market performance
primo2001.md,An exploratory study of the effects of supplier relationships on new product development outcomes,"Marcos A.M. Primo, Susan D. Amundson",Theme 3: Interorganizational relationships,In buyer-supplier relationships during new product development,increasing supplier involvement,leads to improved product quality
primo2001.md,An exploratory study of the effects of supplier relationships on new product development outcomes,"Marcos A.M. Primo, Susan D. Amundson",Theme 6: Operational practices of managing external resources,In the context of high technical difficulty of NPD projects,emphasizing supplier quality control,decreases delays caused by uncooperative supplier behavior
primo2001.md,An exploratory study of the effects of supplier relationships on new product development outcomes,"Marcos A.M. Primo, Susan D. Amundson",Theme 1: Decisions on governance mode and mechanism,When technical difficulty is high in NPD projects,moderating the reliance on supplier quality control for involvement decisions,supports faster development in breakthrough projects
beverland2005.md,Adapting within relationships to adapt to market-led change: Does relationship success lead to marketplace inertia?,Michael Beverland,Theme 3: Interorganizational relationships,In the context of market maturity and high relational commitment,complementing strong relational ties with weak market-based ties,leads to enhanced marketplace adaptability and reduces the risk of strategic inertia
beverland2005.md,Adapting within relationships to adapt to market-led change: Does relationship success lead to marketplace inertia?,Michael Beverland,Theme 2: Network formation and relationship initiation,In highly uncertain and dynamic market environments,adopting an entrepreneurial approach to relationship formation,improves market navigation and supports early-stage market adaptation
beverland2005.md,Adapting within relationships to adapt to market-led change: Does relationship success lead to marketplace inertia?,Michael Beverland,Theme 1: Decisions on governance mode and mechanism,In the context of evolving market dynamism and shifting buyer power,fitting relational strategies to environmental demands,leads to sustained competitive positioning and avoids misalignment between network and marketplace
lundberg2012.md,"Cooperation among companies, universities and local government in a Swedish context","Heléne Lundberg, Edith Andresen",Theme 5: Open innovation and interorganizational learning,"In the context of cross-sector collaboration between companies, universities, and local government",involving diverse actor categories in joint R&D initiatives,leads to enhanced innovation potential and regional development
lundberg2012.md,"Cooperation among companies, universities and local government in a Swedish context","Heléne Lundberg, Edith Andresen",Theme 6: Operational practices of managing external resources,In buyer-supplier relationships involving public and private sector actors,employing independent cooperation facilitators,improves information flow and enables joint project initiation
lundberg2012.md,"Cooperation among companies, universities and local government in a Swedish context","Heléne Lundberg, Edith Andresen",Theme 2: Network formation and relationship initiation,In the context of high cultural distance between academic and commercial organizations,building shared norms and values through repeated interaction,supports sustained cooperation and reduces opportunism
lundberg2012.md,"Cooperation among companies, universities and local government in a Swedish context","Heléne Lundberg, Edith Andresen",Theme 4: Strategic aspects of exploiting external resources,In the context of limited internal R&D capacity in firms,forming strategic alliances with universities and government,decreases costs and expands the scope of feasible innovation projects
smith1997.md,Selling Alliances,J. Brock Smith,Theme 3: Interorganizational relationships,In selling partner relationships between sales representatives,emphasizing open communication,leads to enhanced relationship performance
smith1997.md,Selling Alliances,J. Brock Smith,Theme 3: Interorganizational relationships,In the context of high interdependence between partner sales representatives,building trust,leads to higher levels of cooperation and performance
smith1997.md,Selling Alliances,J. Brock Smith,Theme 3: Interorganizational relationships,In dyadic selling alliances with complementary capabilities,increasing perceived interdependence,improves task performance and partner satisfaction
li2009.md,Formal control and social control in domestic and international buyer–supplier relationships,"Yuan Li, En Xie, Hock-Hai Teo, Mike W. Peng",Theme 1: Decisions on governance mode and mechanism,In domestic buyer-supplier relationships in China,increasing the length of cooperation,leads to increased use of formal control mechanisms
li2009.md,Formal control and social control in domestic and international buyer–supplier relationships,"Yuan Li, En Xie, Hock-Hai Teo, Mike W. Peng",Theme 1: Decisions on governance mode and mechanism,In international buyer-supplier relationships in China,maintaining a long history of cooperation,results in no significant change in the use of formal control mechanisms
li2009.md,Formal control and social control in domestic and international buyer–supplier relationships,"Yuan Li, En Xie, Hock-Hai Teo, Mike W. Peng",Theme 3: Interorganizational relationships,In both domestic and international buyer-supplier relationships,institutionalizing interfirm norms and values,increases the adoption of both formal and social control mechanisms
li2009.md,Formal control and social control in domestic and international buyer–supplier relationships,"Yuan Li, En Xie, Hock-Hai Teo, Mike W. Peng",Theme 3: Interorganizational relationships,In domestic buyer-supplier relationships in China,using both formal and social control mechanisms,"leads to diminished cooperation performance, indicating substitutability"
li2009.md,Formal control and social control in domestic and international buyer–supplier relationships,"Yuan Li, En Xie, Hock-Hai Teo, Mike W. Peng",Theme 3: Interorganizational relationships,In international buyer-supplier relationships in China,combining formal and social control mechanisms,results in neither complementary nor substitutive effects on cooperation performance
McEvily-BridgingTiesSource-1999.md,Bridging Ties: A Source of Firm Heterogeneity in Competitive Capabilities,"Bill McEvily, Akbar Zaheer",Theme 5: Open innovation and interorganizational learning,In geographical clusters,maintaining advice networks rich in nonredundant ties,leads to enhanced acquisition of competitive capabilities
McEvily-BridgingTiesSource-1999.md,Bridging Ties: A Source of Firm Heterogeneity in Competitive Capabilities,"Bill McEvily, Akbar Zaheer",Theme 6: Operational practices of managing external resources,In the context of regional institutions providing collective support services,participating in regional institutions,leads to enhanced acquisition of competitive capabilities
McEvily-BridgingTiesSource-1999.md,Bridging Ties: A Source of Firm Heterogeneity in Competitive Capabilities,"Bill McEvily, Akbar Zaheer",Theme 3: Interorganizational relationships,In firms with advice networks rich in bridging ties,avoiding participation in regional institutions,decreases participation in regional institutions
brennan1999.md,Adaptive Behavior in Buyer–Supplier Relationships,"Ross Brennan, Peter W. Turnbull",Theme 3: Interorganizational relationships,In buyer–supplier relationships characterized by high trust and low antagonism,engaging in mutual adaptive behavior,leads to enhanced trust and cooperation
brennan1999.md,Adaptive Behavior in Buyer–Supplier Relationships,"Ross Brennan, Peter W. Turnbull",Theme 3: Interorganizational relationships,In the presence of entrenched mistrust and operational-level antagonism,withholding adaptive behavior,results in missed opportunities for mutual benefit
brennan1999.md,Adaptive Behavior in Buyer–Supplier Relationships,"Ross Brennan, Peter W. Turnbull",Theme 6: Operational practices of managing external resources,When supplier firms adopt a partnering or relationship marketing orientation,emphasizing long-term relationship development,leads to substantial supplier-side adaptations
brennan1999.md,Adaptive Behavior in Buyer–Supplier Relationships,"Ross Brennan, Peter W. Turnbull",Theme 1: Decisions on governance mode and mechanism,In buyer–supplier relationships where power is asymmetrically held by the buyer,exercising buyer power over suppliers,leads to higher levels of supplier adaptations
brennan1999.md,Adaptive Behavior in Buyer–Supplier Relationships,"Ross Brennan, Peter W. Turnbull",Theme 6: Operational practices of managing external resources,Over the course of long-standing buyer–supplier relationships,making a sequence of incremental operational decisions,leads to deep relationship-specific adaptation without explicit strategic intent
whipple2010.md,A buyer's perspective on collaborative versus transactional relationships,"Judith M. Whipple, Daniel F. Lynch, Gilbert N. Nyaga",Theme 3: Interorganizational relationships,In buyer-supplier relationships,choosing collaborative relationships over transactional ones,leads to higher satisfaction and performance
whipple2010.md,A buyer's perspective on collaborative versus transactional relationships,"Judith M. Whipple, Daniel F. Lynch, Gilbert N. Nyaga",Theme 3: Interorganizational relationships,In both collaborative and transactional buyer-supplier relationships,building trust,leads to improved performance and satisfaction with the relationship
whipple2010.md,A buyer's perspective on collaborative versus transactional relationships,"Judith M. Whipple, Daniel F. Lynch, Gilbert N. Nyaga",Theme 6: Operational practices of managing external resources,In collaborative buyer-supplier relationships,increasing communication,leads to enhanced performance and satisfaction
whipple2010.md,A buyer's perspective on collaborative versus transactional relationships,"Judith M. Whipple, Daniel F. Lynch, Gilbert N. Nyaga",Theme 6: Operational practices of managing external resources,In transactional buyer-supplier relationships,involving suppliers in joint planning and decision-making,leads to greater satisfaction with results
whipple2010.md,A buyer's perspective on collaborative versus transactional relationships,"Judith M. Whipple, Daniel F. Lynch, Gilbert N. Nyaga",Theme 1: Decisions on governance mode and mechanism,When evaluating dedicated investments in transactional relationships,avoiding dedicated investments,prevents dissatisfaction due to unrecouped costs
lai2007.md,The effects of influence strategies on dealer satisfaction and performance in Taiwan's motor industry,Chi-Shiun Lai,Theme 3: Interorganizational relationships,In buyer-supplier relationships in a collectivistic context,using hard coercive strategies,leads to lower economic and social satisfaction
lai2007.md,The effects of influence strategies on dealer satisfaction and performance in Taiwan's motor industry,Chi-Shiun Lai,Theme 3: Interorganizational relationships,In buyer-supplier relationships in a collectivistic context,using promise strategies,increases economic satisfaction but does not significantly affect social satisfaction
lai2007.md,The effects of influence strategies on dealer satisfaction and performance in Taiwan's motor industry,Chi-Shiun Lai,Theme 3: Interorganizational relationships,In buyer-supplier relationships in a collectivistic context,using perception altered strategies,leads to higher economic and social satisfaction
lai2007.md,The effects of influence strategies on dealer satisfaction and performance in Taiwan's motor industry,Chi-Shiun Lai,Theme 6: Operational practices of managing external resources,In the context of channel management,enhancing dealer satisfaction,"leads to better dealer performance, with social satisfaction having a stronger impact than economic satisfaction"
das2005.md,Supplier integration—Finding an optimal configuration,"Ajay Das, Ram Narasimhan, Srinivas Talluri",Theme 6: Operational practices of managing external resources,In buyer-supplier relationships,choosing an optimal configuration of supplier integration practices,leads to enhanced performance
das2005.md,Supplier integration—Finding an optimal configuration,"Ajay Das, Ram Narasimhan, Srinivas Talluri",Theme 3: Interorganizational relationships,In the context of high interdependence and uncertainty,involving suppliers in joint problem solving and strategic councils,improves delivery reliability and reduces new product introduction time
das2005.md,Supplier integration—Finding an optimal configuration,"Ajay Das, Ram Narasimhan, Srinivas Talluri",Theme 6: Operational practices of managing external resources,When internal purchasing-manufacturing integration is weak,increasing cross-functional involvement in goal setting and strategy meetings,enhances quality performance and manufacturing efficiency
das2005.md,Supplier integration—Finding an optimal configuration,"Ajay Das, Ram Narasimhan, Srinivas Talluri",Theme 4: Strategic aspects of exploiting external resources,In the presence of asset-specific investments and long-term supplier relationships,investing in supplier development and certification,decreases manufacturing costs and improves delivery performance
das2005.md,Supplier integration—Finding an optimal configuration,"Ajay Das, Ram Narasimhan, Srinivas Talluri",Theme 5: Open innovation and interorganizational learning,During new product development processes,establishing direct communications between buyer and supplier production schedulers,reduces manufacturing cycle time and accelerates time-to-market
tracey2004.md,A Holistic Approach to New Product Development: New Insights,Michael Tracey,Theme 6: Operational practices of managing external resources,In new product development (NPD),"involving manufacturing, purchasing, and logistics personnel early",leads to enhanced manufacturing efficiency
tracey2004.md,A Holistic Approach to New Product Development: New Insights,Michael Tracey,Theme 6: Operational practices of managing external resources,In new product development (NPD),involving suppliers in the NPD process,increases manufacturing agility and delivery service
tracey2004.md,A Holistic Approach to New Product Development: New Insights,Michael Tracey,Theme 6: Operational practices of managing external resources,In new product development (NPD),involving customers from the early stages,improves manufacturing agility and organizational performance
tracey2004.md,A Holistic Approach to New Product Development: New Insights,Michael Tracey,Theme 3: Interorganizational relationships,In buyer-supplier relationships during product development,choosing to include supplier representatives on design teams,enhances delivery service and overall organizational performance
feng2012.md,Customer orientation for decreasing time-to-market of new products: IT implementation as a complementary asset,"Taiwen Feng, Linyan Sun, Chunyan Zhu, Amrik S. Sohal",Theme 6: Operational practices of managing external resources,In new product development,emphasizing customer focus,leads to decreased time-to-market
feng2012.md,Customer orientation for decreasing time-to-market of new products: IT implementation as a complementary asset,"Taiwen Feng, Linyan Sun, Chunyan Zhu, Amrik S. Sohal",Theme 6: Operational practices of managing external resources,In buyer-supplier relationships involving high customer interaction,involving customers in product design and development,leads to decreased time-to-market
feng2012.md,Customer orientation for decreasing time-to-market of new products: IT implementation as a complementary asset,"Taiwen Feng, Linyan Sun, Chunyan Zhu, Amrik S. Sohal",Theme 6: Operational practices of managing external resources,In the context of frequent customer communication,communicating frequently and accurately with customers,leads to decreased time-to-market
feng2012.md,Customer orientation for decreasing time-to-market of new products: IT implementation as a complementary asset,"Taiwen Feng, Linyan Sun, Chunyan Zhu, Amrik S. Sohal",Theme 4: Strategic aspects of exploiting external resources,When firms implement customer involvement in NPD,using advanced IT systems for electronic communication and transactions,further decreases time-to-market
feng2012.md,Customer orientation for decreasing time-to-market of new products: IT implementation as a complementary asset,"Taiwen Feng, Linyan Sun, Chunyan Zhu, Amrik S. Sohal",Theme 4: Strategic aspects of exploiting external resources,When firms maintain regular communication with customers,using IT systems to support information exchange,further decreases time-to-market
tan2007.md,Collaborative New Product Development Environments: Implications for Supply Chain Management,"Chong Leng Tan, Michael Tracey",Theme 6: Operational practices of managing external resources,In new product development (NPD) processes,building a collaborative NPD environment,leads to increased involvement of manufacturing in NPD
tan2007.md,Collaborative New Product Development Environments: Implications for Supply Chain Management,"Chong Leng Tan, Michael Tracey",Theme 3: Interorganizational relationships,In buyer-supplier relationships during NPD,building a collaborative NPD environment,leads to increased supplier involvement in NPD
tan2007.md,Collaborative New Product Development Environments: Implications for Supply Chain Management,"Chong Leng Tan, Michael Tracey",Theme 3: Interorganizational relationships,In customer-firm interactions during NPD,building a collaborative NPD environment,leads to increased customer involvement in NPD
tan2007.md,Collaborative New Product Development Environments: Implications for Supply Chain Management,"Chong Leng Tan, Michael Tracey",Theme 6: Operational practices of managing external resources,In integrated NPD settings,involving suppliers in the NPD project,improves product quality and reduces development costs
tan2007.md,Collaborative New Product Development Environments: Implications for Supply Chain Management,"Chong Leng Tan, Michael Tracey",Theme 6: Operational practices of managing external resources,In customer-centric NPD processes,involving customers in the NPD project,leads to enhanced customer satisfaction
rothaermel2001.md,RESEARCH NOTE INCUMBENT’S ADVANTAGE THROUGH EXPLOITING COMPLEMENTARY ASSETS VIA INTERFIRM COOPERATION,FRANK T. ROTHAERMEL,Theme 4: Strategic aspects of exploiting external resources,In the context of radical technological change,focusing on exploitation alliances with new entrants,leads to enhanced new product development
rothaermel2001.md,RESEARCH NOTE INCUMBENT’S ADVANTAGE THROUGH EXPLOITING COMPLEMENTARY ASSETS VIA INTERFIRM COOPERATION,FRANK T. ROTHAERMEL,Theme 6: Operational practices of managing external resources,In buyer-supplier relationships in the biopharmaceutical industry,increasing alliance intensity with providers of new technology,leads to diminishing marginal returns to new product development
rothaermel2001.md,RESEARCH NOTE INCUMBENT’S ADVANTAGE THROUGH EXPLOITING COMPLEMENTARY ASSETS VIA INTERFIRM COOPERATION,FRANK T. ROTHAERMEL,Theme 5: Open innovation and interorganizational learning,In the post-discontinuity phase of radical technological change,engaging in exploration alliances with new entrants,"improves new product development, though less effectively than exploitation"
rothaermel2001.md,RESEARCH NOTE INCUMBENT’S ADVANTAGE THROUGH EXPLOITING COMPLEMENTARY ASSETS VIA INTERFIRM COOPERATION,FRANK T. ROTHAERMEL,Theme 3: Interorganizational relationships,In interfirm cooperation between incumbents and new biotechnology firms,structuring alliances as exploitation-oriented rather than exploration-oriented,leads to superior performance compared to exploration-focused strategies
rothaermel2001.md,RESEARCH NOTE INCUMBENT’S ADVANTAGE THROUGH EXPLOITING COMPLEMENTARY ASSETS VIA INTERFIRM COOPERATION,FRANK T. ROTHAERMEL,Theme 4: Strategic aspects of exploiting external resources,In the context of radical technological change and industry transformation,using strategic alliances to access and commercialize external innovations,leads to enhanced firm performance
sampson2005.md,EXPERIENCE EFFECTS AND COLLABORATIVE RETURNS IN R&D ALLIANCES,RACHELLE C. SAMPSON,Theme 3: Interorganizational relationships,In R&D alliances,accumulating prior alliance experience,"leads to enhanced collaborative benefits, but with diminishing marginal returns"
sampson2005.md,EXPERIENCE EFFECTS AND COLLABORATIVE RETURNS IN R&D ALLIANCES,RACHELLE C. SAMPSON,Theme 3: Interorganizational relationships,In the context of high alliance uncertainty or complexity,leveraging prior alliance experience,leads to greater improvements in collaborative benefits compared to less uncertain alliances
sampson2005.md,EXPERIENCE EFFECTS AND COLLABORATIVE RETURNS IN R&D ALLIANCES,RACHELLE C. SAMPSON,Theme 3: Interorganizational relationships,When prior alliance experience is recent,drawing on recent alliance experience,"leads to significantly higher collaborative returns, whereas older experience loses its positive impact"
Palmatier-ComparativeLongitudinalAnalysis-2007.md,A Comparative Longitudinal Analysis of Theoretical Perspectives of Interorganizational Relationship Performance,"Robert W. Palmatier, Rajiv P. Dant, Dhruv Grewal",Theme 3: Interorganizational relationships,In interorganizational exchange relationships,building commitment and trust,"leads to enhanced financial performance, cooperation, and reduced conflict"
Palmatier-ComparativeLongitudinalAnalysis-2007.md,A Comparative Longitudinal Analysis of Theoretical Perspectives of Interorganizational Relationship Performance,"Robert W. Palmatier, Rajiv P. Dant, Dhruv Grewal",Theme 6: Operational practices of managing external resources,In the context of buyer-supplier relationships,making relationship-specific investments,"leads to increased sales growth, financial performance, and cooperation"
Palmatier-ComparativeLongitudinalAnalysis-2007.md,A Comparative Longitudinal Analysis of Theoretical Perspectives of Interorganizational Relationship Performance,"Robert W. Palmatier, Rajiv P. Dant, Dhruv Grewal",Theme 5: Open innovation and interorganizational learning,Under conditions of high environmental uncertainty,emphasizing relational governance,amplifies the positive impact on financial performance and cooperation
johnston2004.md,Effects of supplier trust on performance of cooperative supplier relationships,"David A. Johnston, David M. McCutcheon, F. Ian Stuart, Hazel Kerwood",Theme 3: Interorganizational relationships,In buyer-supplier relationships characterized by high cooperation,building supplier trust in the buyer,leads to enhanced relationship performance and buyer satisfaction
johnston2004.md,Effects of supplier trust on performance of cooperative supplier relationships,"David A. Johnston, David M. McCutcheon, F. Ian Stuart, Hazel Kerwood",Theme 3: Interorganizational relationships,In the context of mature buyer-supplier relationships,emphasizing dependability and benevolence in buyer behavior,increases levels of shared planning and flexible arrangements
johnston2004.md,Effects of supplier trust on performance of cooperative supplier relationships,"David A. Johnston, David M. McCutcheon, F. Ian Stuart, Hazel Kerwood",Theme 6: Operational practices of managing external resources,When managing cooperative supplier relationships,using shared planning with suppliers,leads to improved performance outcomes from the buyer’s perspective
johnston2004.md,Effects of supplier trust on performance of cooperative supplier relationships,"David A. Johnston, David M. McCutcheon, F. Ian Stuart, Hazel Kerwood",Theme 6: Operational practices of managing external resources,In the presence of unexpected changes or pressures,maintaining flexibility in agreements,increases buyer satisfaction and supports relationship continuity
petersen2004.md,"Supplier integration into new product development: coordinating product, process and supply chain design","Kenneth J. Petersen, Robert B. Handfield, Gary L. Ragatz",Theme 3: Interorganizational relationships,In buyer-supplier relationships during new product development,selecting the right supplier,leads to enhanced project team effectiveness
petersen2004.md,"Supplier integration into new product development: coordinating product, process and supply chain design","Kenneth J. Petersen, Robert B. Handfield, Gary L. Ragatz",Theme 3: Interorganizational relationships,In the context of high supplier responsibility (black box integration),involving suppliers in technical goal and target setting,leads to enhanced project team effectiveness
petersen2004.md,"Supplier integration into new product development: coordinating product, process and supply chain design","Kenneth J. Petersen, Robert B. Handfield, Gary L. Ragatz",Theme 3: Interorganizational relationships,In the context of low supplier responsibility (grey box integration),involving suppliers in business performance goal and target setting,leads to enhanced project team effectiveness
petersen2004.md,"Supplier integration into new product development: coordinating product, process and supply chain design","Kenneth J. Petersen, Robert B. Handfield, Gary L. Ragatz",Theme 6: Operational practices of managing external resources,When suppliers are integrated early in the new product development process,achieving high project team effectiveness,leads to improved design performance
petersen2004.md,"Supplier integration into new product development: coordinating product, process and supply chain design","Kenneth J. Petersen, Robert B. Handfield, Gary L. Ragatz",Theme 4: Strategic aspects of exploiting external resources,In the context of supplier integration into new product development,achieving high project team effectiveness,leads to improved financial performance and design performance
li2005.md,Development and validation of a measurement instrument for studying supply chain management practices,"Suhong Li, S. Subba Rao, T.S. Ragu-Nathan, Bhanu Ragu-Nathan",Theme 6: Operational practices of managing external resources,In buyer-supplier relationships,building strategic supplier partnerships,leads to enhanced performance
li2005.md,Development and validation of a measurement instrument for studying supply chain management practices,"Suhong Li, S. Subba Rao, T.S. Ragu-Nathan, Bhanu Ragu-Nathan",Theme 3: Interorganizational relationships,In customer relationship management,maintaining long-term customer relationships,increases customer satisfaction and responsiveness
li2005.md,Development and validation of a measurement instrument for studying supply chain management practices,"Suhong Li, S. Subba Rao, T.S. Ragu-Nathan, Bhanu Ragu-Nathan",Theme 5: Open innovation and interorganizational learning,Across the supply chain network,sharing critical information with supply chain partners,decreases delays and improves delivery dependability
li2005.md,Development and validation of a measurement instrument for studying supply chain management practices,"Suhong Li, S. Subba Rao, T.S. Ragu-Nathan, Bhanu Ragu-Nathan",Theme 5: Open innovation and interorganizational learning,In inter-firm information exchange,ensuring high information quality,supports better decision-making and reduces operational uncertainty
li2005.md,Development and validation of a measurement instrument for studying supply chain management practices,"Suhong Li, S. Subba Rao, T.S. Ragu-Nathan, Bhanu Ragu-Nathan",Theme 6: Operational practices of managing external resources,Within internal manufacturing systems,implementing internal lean practices,reduces costs and improves time to market
li2005.md,Development and validation of a measurement instrument for studying supply chain management practices,"Suhong Li, S. Subba Rao, T.S. Ragu-Nathan, Bhanu Ragu-Nathan",Theme 4: Strategic aspects of exploiting external resources,In product customization and distribution,adopting postponement strategies,increases flexibility and reduces inventory costs
Rowley-RedundantGovernanceStructures-2000.md,Redundant Governance Structures: An Analysis of Structural and Relational Embeddedness in the Steel and Semiconductor Industries,"Tim Rowley, Dean Behrens, David Krackhardt",Theme 3: Interorganizational relationships,In strategic alliance networks with high structural interconnectedness,maintaining strong ties with partners,leads to suboptimal performance due to overcommitment
Rowley-RedundantGovernanceStructures-2000.md,Redundant Governance Structures: An Analysis of Structural and Relational Embeddedness in the Steel and Semiconductor Industries,"Tim Rowley, Dean Behrens, David Krackhardt",Theme 5: Open innovation and interorganizational learning,In environments requiring high exploration due to technological uncertainty,increasing weak ties in the alliance network,leads to enhanced firm performance
Rowley-RedundantGovernanceStructures-2000.md,Redundant Governance Structures: An Analysis of Structural and Relational Embeddedness in the Steel and Semiconductor Industries,"Tim Rowley, Dean Behrens, David Krackhardt",Theme 5: Open innovation and interorganizational learning,In environments emphasizing exploitation of existing technologies,increasing strong ties in the alliance network,leads to enhanced firm performance
Rowley-RedundantGovernanceStructures-2000.md,Redundant Governance Structures: An Analysis of Structural and Relational Embeddedness in the Steel and Semiconductor Industries,"Tim Rowley, Dean Behrens, David Krackhardt",Theme 6: Operational practices of managing external resources,"In stable, low-uncertainty environments focused on cost efficiency",building dense ego networks among partners,leads to improved operational performance
Rowley-RedundantGovernanceStructures-2000.md,Redundant Governance Structures: An Analysis of Structural and Relational Embeddedness in the Steel and Semiconductor Industries,"Tim Rowley, Dean Behrens, David Krackhardt",Theme 6: Operational practices of managing external resources,"In highly uncertain, innovation-intensive environments",avoiding dense ego networks,decreases performance penalties associated with information redundancy
chen2004.md,"Strategic purchasing, supply management, and firm performance","Injazz J. Chen, Antony Paulraj, Augustine A. Lado",Theme 3: Interorganizational relationships,In buyer-supplier relationships,fostering close working relationships with a limited number of suppliers,leads to enhanced customer responsiveness
chen2004.md,"Strategic purchasing, supply management, and firm performance","Injazz J. Chen, Antony Paulraj, Augustine A. Lado",Theme 3: Interorganizational relationships,In buyer-supplier relationships,maintaining long-term relationship orientation,leads to enhanced customer responsiveness
chen2004.md,"Strategic purchasing, supply management, and firm performance","Injazz J. Chen, Antony Paulraj, Augustine A. Lado",Theme 3: Interorganizational relationships,In buyer-supplier relationships,promoting open and frequent communication,leads to enhanced customer responsiveness
chen2004.md,"Strategic purchasing, supply management, and firm performance","Injazz J. Chen, Antony Paulraj, Augustine A. Lado",Theme 6: Operational practices of managing external resources,In the context of strategic purchasing,aligning purchasing with strategic goals and cross-functional integration,leads to improved financial performance
chen2004.md,"Strategic purchasing, supply management, and firm performance","Injazz J. Chen, Antony Paulraj, Augustine A. Lado",Theme 5: Open innovation and interorganizational learning,In supply-chain partnerships,involving suppliers in product development and quality improvement,decreases costs and improves product quality
frohlich2001.md,Arcs of integration: an international study of supply chain strategies,"Markham T. Frohlich, Roy Westbrook",Theme 6: Operational practices of managing external resources,In the context of supply chain management in manufacturing,integrating both suppliers and customers extensively,leads to enhanced performance improvement
goodman2001.md,The Determinants of Commitment in the Distributor–Manufacturer Relationship,"Lester E. Goodman, Paul A. Dion",Theme 3: Interorganizational relationships,In distributor–manufacturer relationships,emphasizing product salability,leads to higher distributor commitment
goodman2001.md,The Determinants of Commitment in the Distributor–Manufacturer Relationship,"Lester E. Goodman, Paul A. Dion",Theme 3: Interorganizational relationships,In distributor–manufacturer relationships,building trust,increases distributor commitment
goodman2001.md,The Determinants of Commitment in the Distributor–Manufacturer Relationship,"Lester E. Goodman, Paul A. Dion",Theme 3: Interorganizational relationships,In distributor–manufacturer relationships,investing in idiosyncratic investments,enhances distributor commitment
goodman2001.md,The Determinants of Commitment in the Distributor–Manufacturer Relationship,"Lester E. Goodman, Paul A. Dion",Theme 6: Operational practices of managing external resources,In distributor–manufacturer relationships,improving communications,supports stronger distributor commitment
goodman2001.md,The Determinants of Commitment in the Distributor–Manufacturer Relationship,"Lester E. Goodman, Paul A. Dion",Theme 1: Decisions on governance mode and mechanism,In distributor–manufacturer relationships,using noncoercive power,promotes sustained distributor commitment
vonderembse1999.md,The Impact of Supplier Selection Criteria and Supplier Involvement on Manufacturing Performance,"Mark A. Vonderembse, Michael Tracey",Theme 6: Operational practices of managing external resources,In buyer-supplier relationships,using multidimensional supplier selection criteria,leads to enhanced supplier and manufacturing performance
vonderembse1999.md,The Impact of Supplier Selection Criteria and Supplier Involvement on Manufacturing Performance,"Mark A. Vonderembse, Michael Tracey",Theme 3: Interorganizational relationships,In the context of product development and continuous improvement,involving suppliers in design and improvement teams,increases supplier performance and reduces operational disruptions
vonderembse1999.md,The Impact of Supplier Selection Criteria and Supplier Involvement on Manufacturing Performance,"Mark A. Vonderembse, Michael Tracey",Theme 6: Operational practices of managing external resources,When firms rely heavily on external suppliers for components,emphasizing product quality and performance in supplier selection,leads to improved incoming quality and on-time delivery
vonderembse1999.md,The Impact of Supplier Selection Criteria and Supplier Involvement on Manufacturing Performance,"Mark A. Vonderembse, Michael Tracey",Theme 3: Interorganizational relationships,In long-term strategic supplier relationships,building strategic alliances through joint improvement programs,supports superior manufacturing performance and customer value
saxton1997.md,The Effects of Partner and Relationship Characteristics on Alliance Outcomes,Todd Saxton,Theme 3: Interorganizational relationships,In buyer-supplier alliances,maintaining a prior relationship,leads to higher initial satisfaction
saxton1997.md,The Effects of Partner and Relationship Characteristics on Alliance Outcomes,Todd Saxton,Theme 3: Interorganizational relationships,In the context of strategic alliances,emphasizing shared decision making,leads to enhanced alliance performance
saxton1997.md,The Effects of Partner and Relationship Characteristics on Alliance Outcomes,Todd Saxton,Theme 4: Strategic aspects of exploiting external resources,When selecting alliance partners,choosing partners with high reputation,leads to enhanced alliance performance
saxton1997.md,The Effects of Partner and Relationship Characteristics on Alliance Outcomes,Todd Saxton,Theme 5: Open innovation and interorganizational learning,In alliances involving knowledge transfer,aligning partners with strategic similarities,leads to enhanced alliance performance
rothaermel2004.md,EXPLORATION AND EXPLOITATION ALLIANCES IN BIOTECHNOLOGY: A SYSTEM OF NEW PRODUCT DEVELOPMENT,"Frank T. Rothaermel, David L. Deeds",Theme 5: Open innovation and interorganizational learning,In the context of new product development in high-technology ventures,forming exploration alliances,leads to increased products in development
rothaermel2004.md,EXPLORATION AND EXPLOITATION ALLIANCES IN BIOTECHNOLOGY: A SYSTEM OF NEW PRODUCT DEVELOPMENT,"Frank T. Rothaermel, David L. Deeds",Theme 5: Open innovation and interorganizational learning,In the context of having products in development,forming exploitation alliances,leads to increased exploitation alliances
rothaermel2004.md,EXPLORATION AND EXPLOITATION ALLIANCES IN BIOTECHNOLOGY: A SYSTEM OF NEW PRODUCT DEVELOPMENT,"Frank T. Rothaermel, David L. Deeds",Theme 6: Operational practices of managing external resources,In the context of commercializing new products,engaging in exploitation alliances,leads to increased products on the market
rothaermel2004.md,EXPLORATION AND EXPLOITATION ALLIANCES IN BIOTECHNOLOGY: A SYSTEM OF NEW PRODUCT DEVELOPMENT,"Frank T. Rothaermel, David L. Deeds",Theme 1: Decisions on governance mode and mechanism,In the context of growing firm size and resource accumulation,increasing reliance on internal resources,decreases dependence on both exploration and exploitation alliances
yan2012.md,Franchisor–franchisee supply chain cooperation: Sharing of demand forecast information in high-tech industries,"Ruiliang Yan, Kai-Yu Wang",Theme 3: Interorganizational relationships,In franchisor-franchisee relationships in high-tech industries,sharing demand forecast information,leads to enhanced performance for both parties
yan2012.md,Franchisor–franchisee supply chain cooperation: Sharing of demand forecast information in high-tech industries,"Ruiliang Yan, Kai-Yu Wang",Theme 1: Decisions on governance mode and mechanism,When the franchisor's royalty fee is zero,choosing to share demand forecast information,becomes imperative for the franchisor to improve decision-making
yan2012.md,Franchisor–franchisee supply chain cooperation: Sharing of demand forecast information in high-tech industries,"Ruiliang Yan, Kai-Yu Wang",Theme 6: Operational practices of managing external resources,Under conditions of market demand uncertainty,using a Bayesian forecasting model to integrate shared information,reduces inventory disposal and shortage costs
yan2012.md,Franchisor–franchisee supply chain cooperation: Sharing of demand forecast information in high-tech industries,"Ruiliang Yan, Kai-Yu Wang",Theme 4: Strategic aspects of exploiting external resources,,adopting a profit sharing mechanism with the franchisee,motivates information sharing and leads to optimal profits for both parties
hult2000.md,Leadership and Relationship Commitment: A Focus on the Supplier–Buyer–User Linkage,"G. Tomas M. Hult, O.C. Ferrell, Robert F. Hurley, Larry C. Giunipero",Theme 3: Interorganizational relationships,In buyer-supplier and buyer-user relationships,emphasizing transformational leadership,leads to enhanced relationship commitment
hult2000.md,Leadership and Relationship Commitment: A Focus on the Supplier–Buyer–User Linkage,"G. Tomas M. Hult, O.C. Ferrell, Robert F. Hurley, Larry C. Giunipero",Theme 3: Interorganizational relationships,In the context of internal and external supply chain dyads,adopting transactional leadership,does not significantly increase relationship commitment
bustinza2010.md,OUTSOURCING AS SEEN FROM THE PERSPECTIVE OF KNOWLEDGE MANAGEMENT,"Oscar F. Bustinza, Luis M. Molina, Leopoldo J. Gutierrez-Gutierrez",Theme 6: Operational practices of managing external resources,In the context of outsourcing service activities,maintaining high-quality knowledge about the outsourced activity,leads to enhanced outsourcing benefits
bustinza2010.md,OUTSOURCING AS SEEN FROM THE PERSPECTIVE OF KNOWLEDGE MANAGEMENT,"Oscar F. Bustinza, Luis M. Molina, Leopoldo J. Gutierrez-Gutierrez",Theme 6: Operational practices of managing external resources,In the context of outsourcing activities requiring tacit knowledge,assessing the degree of tacitness of knowledge,decreases outsourcing benefits when knowledge is highly tacit
bustinza2010.md,OUTSOURCING AS SEEN FROM THE PERSPECTIVE OF KNOWLEDGE MANAGEMENT,"Oscar F. Bustinza, Luis M. Molina, Leopoldo J. Gutierrez-Gutierrez",Theme 5: Open innovation and interorganizational learning,In buyer-supplier outsourcing relationships,building organizational learning capability,leads to enhanced outsourcing benefits
bustinza2010.md,OUTSOURCING AS SEEN FROM THE PERSPECTIVE OF KNOWLEDGE MANAGEMENT,"Oscar F. Bustinza, Luis M. Molina, Leopoldo J. Gutierrez-Gutierrez",Theme 3: Interorganizational relationships,In repeated or long-term outsourcing relationships,developing collaborative know-how,leads to enhanced outsourcing benefits
liu2012.md,How does justice matter in achieving buyer–supplier relationship performance?,"Yi Liu, Ying Huang, Yadong Luo, Yang Zhao",Theme 3: Interorganizational relationships,In buyer-supplier relationships,emphasizing mutual perceptions of distributive justice,leads to enhanced coupling behaviors such as knowledge sharing and relationship investment
liu2012.md,How does justice matter in achieving buyer–supplier relationship performance?,"Yi Liu, Ying Huang, Yadong Luo, Yang Zhao",Theme 3: Interorganizational relationships,In buyer-supplier relationships,emphasizing mutual perceptions of procedural justice,"leads to stronger coupling behaviors, particularly knowledge sharing and relationship investment"
liu2012.md,How does justice matter in achieving buyer–supplier relationship performance?,"Yi Liu, Ying Huang, Yadong Luo, Yang Zhao",Theme 3: Interorganizational relationships,In buyer-supplier relationships,emphasizing mutual perceptions of interpersonal justice,promotes continuous commitment and relationship investment
liu2012.md,How does justice matter in achieving buyer–supplier relationship performance?,"Yi Liu, Ying Huang, Yadong Luo, Yang Zhao",Theme 3: Interorganizational relationships,In buyer-supplier relationships,emphasizing mutual perceptions of informational justice,leads to the strongest indirect effect on relationship performance via increased commitment and knowledge sharing
liu2012.md,How does justice matter in achieving buyer–supplier relationship performance?,"Yi Liu, Ying Huang, Yadong Luo, Yang Zhao",Theme 6: Operational practices of managing external resources,In buyer-supplier relationships,"building mutual coupling behaviors (knowledge sharing, continuous commitment, relationship investment)",leads to improved dyadic relationship performance
luo2007.md,"THE INDEPENDENT AND INTERACTIVE ROLES OF PROCEDURAL, DISTRIBUTIVE, AND INTERACTIONAL JUSTICE IN STRATEGIC ALLIANCES",YADONG LUO,Theme 3: Interorganizational relationships,In strategic alliances,emphasizing distributive justice,leads to enhanced alliance performance
luo2007.md,"THE INDEPENDENT AND INTERACTIVE ROLES OF PROCEDURAL, DISTRIBUTIVE, AND INTERACTIONAL JUSTICE IN STRATEGIC ALLIANCES",YADONG LUO,Theme 3: Interorganizational relationships,In strategic alliances,emphasizing procedural justice,leads to enhanced alliance performance
luo2007.md,"THE INDEPENDENT AND INTERACTIVE ROLES OF PROCEDURAL, DISTRIBUTIVE, AND INTERACTIONAL JUSTICE IN STRATEGIC ALLIANCES",YADONG LUO,Theme 3: Interorganizational relationships,In strategic alliances,emphasizing interactional justice,leads to enhanced alliance performance
luo2007.md,"THE INDEPENDENT AND INTERACTIVE ROLES OF PROCEDURAL, DISTRIBUTIVE, AND INTERACTIONAL JUSTICE IN STRATEGIC ALLIANCES",YADONG LUO,Theme 3: Interorganizational relationships,When goal differences between alliance parties are high,combining procedural and distributive justice,leads to enhanced alliance performance
luo2007.md,"THE INDEPENDENT AND INTERACTIVE ROLES OF PROCEDURAL, DISTRIBUTIVE, AND INTERACTIONAL JUSTICE IN STRATEGIC ALLIANCES",YADONG LUO,Theme 3: Interorganizational relationships,When interactional justice is high,maintaining procedural justice,strengthens the positive effect on alliance performance
baxter2012.md,How can business buyers attract sellers' resources? Empirical evidence for preferred customer treatment from suppliers,Roger Baxter,Theme 3: Interorganizational relationships,In buyer-supplier relationships,emphasizing customer financial attractiveness,leads to enhanced preferred customer treatment
baxter2012.md,How can business buyers attract sellers' resources? Empirical evidence for preferred customer treatment from suppliers,Roger Baxter,Theme 3: Interorganizational relationships,In buyer-supplier relationships,increasing supplier commitment,leads to higher levels of resource allocation
baxter2012.md,How can business buyers attract sellers' resources? Empirical evidence for preferred customer treatment from suppliers,Roger Baxter,Theme 6: Operational practices of managing external resources,When seeking preferential resource inputs from suppliers,maintaining high financial performance of the relationship,decreases delays and increases innovation support
choi2008.md,STRUCTURAL EMBEDDEDNESS AND SUPPLIER MANAGEMENT: A NETWORK PERSPECTIVE,"Thomas Y. Choi, Yusoon Kim",Theme 3: Interorganizational relationships,In buyer-supplier relationships,understanding the supplier's structural embeddedness,leads to enhanced operational and financial performance
choi2008.md,STRUCTURAL EMBEDDEDNESS AND SUPPLIER MANAGEMENT: A NETWORK PERSPECTIVE,"Thomas Y. Choi, Yusoon Kim",Theme 2: Network formation and relationship initiation,When selecting or retaining suppliers,maintaining relationships with poorly performing suppliers who are structurally embedded in innovative networks,leads to improved innovation and long-term strategic advantage
choi2008.md,STRUCTURAL EMBEDDEDNESS AND SUPPLIER MANAGEMENT: A NETWORK PERSPECTIVE,"Thomas Y. Choi, Yusoon Kim",Theme 6: Operational practices of managing external resources,In the context of dual sourcing or complex supply networks,scanning and monitoring suppliers' extended networks,improves supplier management effectiveness and reduces operational risks
coviello2012.md,Creating Major Innovations with Customers: Insights from Small and Young Technology Firms,"Nicole E. Coviello, Richard M. Joseph",Theme 6: Operational practices of managing external resources,In the context of major innovation development by small and young technology firms,employing an iterative and overlapping NPD process with extensive customer involvement,leads to enhanced innovation performance
coviello2012.md,Creating Major Innovations with Customers: Insights from Small and Young Technology Firms,"Nicole E. Coviello, Richard M. Joseph",Theme 5: Open innovation and interorganizational learning,During opportunity recognition for major innovation,cocreating opportunities with customers as sources of latent needs and requesters,leads to higher likelihood of innovation success
coviello2012.md,Creating Major Innovations with Customers: Insights from Small and Young Technology Firms,"Nicole E. Coviello, Richard M. Joseph",Theme 4: Strategic aspects of exploiting external resources,At the beginning of NPD for major innovation,generating customer-based funding through early sales to development and early buyers,decreases financial risk and increases chances of successful innovation
coviello2012.md,Creating Major Innovations with Customers: Insights from Small and Young Technology Firms,"Nicole E. Coviello, Richard M. Joseph",Theme 3: Interorganizational relationships,During development and testing of major innovation,involving customers as technical advisors and codevelopers,improves product relevance and accelerates development
coviello2012.md,Creating Major Innovations with Customers: Insights from Small and Young Technology Firms,"Nicole E. Coviello, Richard M. Joseph",Theme 6: Operational practices of managing external resources,In wider commercialization of major innovation,using customers as approvers and promoters,enhances market adoption and commercial success
coviello2012.md,Creating Major Innovations with Customers: Insights from Small and Young Technology Firms,"Nicole E. Coviello, Richard M. Joseph",Theme 5: Open innovation and interorganizational learning,Throughout the NPD process for major innovation,seeking ongoing feedback from customers as sounding boards and critics,supports adaptive refinement of the innovation and increases success probability
coviello2012.md,Creating Major Innovations with Customers: Insights from Small and Young Technology Firms,"Nicole E. Coviello, Richard M. Joseph",Theme 2: Network formation and relationship initiation,When selecting customers for major innovation development,"choosing customers who are lead users, technically eager, or willing to commit financial resources early",increases the likelihood of successful major innovation
coviello2012.md,Creating Major Innovations with Customers: Insights from Small and Young Technology Firms,"Nicole E. Coviello, Richard M. Joseph",Theme 3: Interorganizational relationships,In managing customer relationships during NPD for major innovation,mobilizing a portfolio of tightly and loosely coupled customer relationships,leads to more robust innovation outcomes
coviello2012.md,Creating Major Innovations with Customers: Insights from Small and Young Technology Firms,"Nicole E. Coviello, Richard M. Joseph",Theme 4: Strategic aspects of exploiting external resources,In new product development under high uncertainty,leveraging learning agility,supports successful major innovation
coviello2012.md,Creating Major Innovations with Customers: Insights from Small and Young Technology Firms,"Nicole E. Coviello, Richard M. Joseph",Theme 1: Decisions on governance mode and mechanism,During NPD for major innovation under uncertainty,using mindful trial and error,increases the probability of successful innovation
mahapatra2012.md,A contingent theory of supplier management initiatives: Effects of competitive intensity and product life cycle,"Santosh K. Mahapatra, Ajay Das, Ram Narasimhan",Theme 6: Operational practices of managing external resources,In the context of high competitive intensity and product maturity,emphasizing relational orientation,leads to enhanced supplier development investments and superior supplier capability
mahapatra2012.md,A contingent theory of supplier management initiatives: Effects of competitive intensity and product life cycle,"Santosh K. Mahapatra, Ajay Das, Ram Narasimhan",Theme 6: Operational practices of managing external resources,In buyer-supplier relationships during the maturity stage of the product life cycle,integrating relational orientation with supplier development investments,"leads to improved supplier capabilities in innovation, flexibility, and complex manufacturing"
mahapatra2012.md,A contingent theory of supplier management initiatives: Effects of competitive intensity and product life cycle,"Santosh K. Mahapatra, Ajay Das, Ram Narasimhan",Theme 1: Decisions on governance mode and mechanism,In the context of increasing competitive intensity across product life cycle stages,choosing relational governance over transactional approaches,supports sustained supplier capability development despite diminishing returns
villena2010.md,The dark side of buyer–supplier relationships: A social capital perspective,"Verónica H. Villena, Elena Revilla, Thomas Y. Choi",Theme 3: Interorganizational relationships,In buyer-supplier relationships,building cognitive social capital,"leads to enhanced performance up to a threshold, beyond which performance declines"
villena2010.md,The dark side of buyer–supplier relationships: A social capital perspective,"Verónica H. Villena, Elena Revilla, Thomas Y. Choi",Theme 3: Interorganizational relationships,In buyer-supplier relationships,building relational social capital,"leads to enhanced performance up to a threshold, beyond which performance declines"
villena2010.md,The dark side of buyer–supplier relationships: A social capital perspective,"Verónica H. Villena, Elena Revilla, Thomas Y. Choi",Theme 3: Interorganizational relationships,In buyer-supplier relationships,building structural social capital,"leads to enhanced performance up to a threshold, beyond which performance declines"
villena2010.md,The dark side of buyer–supplier relationships: A social capital perspective,"Verónica H. Villena, Elena Revilla, Thomas Y. Choi",Theme 3: Interorganizational relationships,When pursuing strategic versus operational benefits in buyer-supplier relationships,accumulating social capital,delays the decline in performance compared to operational benefits
vandevijver2011.md,A TALE OF TWO PARTNERSHIPS: SOCIALIZATION IN THE DEVELOPMENT OF BUYER–SUPPLIER RELATIONSHIPS,"Mark van de Vijver, Bart Vos, Henk Akkermans",Theme 3: Interorganizational relationships,In buyer-supplier relationships with a history of past conflicts,conducting socialization efforts,does not lead to improved communication quality
vandevijver2011.md,A TALE OF TWO PARTNERSHIPS: SOCIALIZATION IN THE DEVELOPMENT OF BUYER–SUPPLIER RELATIONSHIPS,"Mark van de Vijver, Bart Vos, Henk Akkermans",Theme 3: Interorganizational relationships,In the declining phase of a buyer-supplier relationship lifecycle,maintaining socialization tactics,does not enhance communication performance
