paper_title,pred_context,pred_interv,pred_outcome,gold_count,label,reason,model
'BLACK-BOX' AND 'GRAY-BOX' SUPPLIER INTEGRATION IN PRODUCT DEVELOPMENT: ANTECEDE,In the presence of product innovation capabilities,fostering product innovation,leads to improved external quality,1,FP,"The extracted CIMO is not supported by the paper excerpt, which focuses on supplier integration (gray-box and black-box) in product development as the intervention, not fostering product innovation.",Qwen3-235B
A BUYER'S PERSPECTIVE ON COLLABORATIVE VERSUS TRANSACTIONAL RELATIONSHIPS,In the context of transactional buyer–supplier relationships with short-term focus,sharing rewards and costs with suppliers,leads to improved performance,1,FP,"The extracted CIMO focuses on transactional relationships with sharing rewards/costs, while the paper only discusses collaboration benefits over transactional relationships without mentioning sharing rewards/costs as an intervention.",Qwen3-235B
A BUYER'S PERSPECTIVE ON COLLABORATIVE VERSUS TRANSACTIONAL RELATIONSHIPS,In the context of transactional relationships where dedicated investments are uncommon,making dedicated investments in the supplier relationship,decreases satisfaction with the relationship,1,FP,"The extracted CIMO contradicts the paper's findings which show collaborative relationships lead to higher satisfaction, not dedicated investments in transactional relationships.",Qwen3-235B
A TALE OF TWO PARTNERSHIPS: SOCIALIZATION IN THE DEVELOPMENT OF BUYER–SUPPLIER R,In relationships where senior management harbors negative perceptions about a partner's capabilities,organizing joint review meetings and relationship improvement plans at operational levels,does not lift the relationship to a strategic level,1,FP,"The extracted CIMO is not supported by the paper excerpt, which focuses on socialization tactics in buyer-supplier relationships and their impact on communication quality, not on joint review meetings or relationship improvement plans.",Qwen3-235B
ADAPTIVE BEHAVIOR IN BUYER–SUPPLIER RELATIONSHIPS,Power imbalance favoring the customer in buyer–supplier relationships,enforcing adaptations through coercive or implicit power use,results in increased supplier adaptations,1,FP,"The extracted CIMO mentions power imbalance and coercive power use, which are not supported by the paper excerpt.",Qwen3-235B
ADAPTIVE BEHAVIOR IN BUYER–SUPPLIER RELATIONSHIPS,Planned decision-making processes for major inter-firm changes,making strategic adaptations through formal investment analysis,leads to long-term relationship-specific investments,1,FP,"The extracted CIMO's intervention 'making strategic adaptations through formal investment analysis' is not explicitly supported by the paper excerpt, which focuses on adaptive behavior in buyer-supplier relationships without mentioning formal investment analysis as the mechanism.",Qwen3-235B
ADAPTIVE BEHAVIOR IN BUYER–SUPPLIER RELATIONSHIPS,Buyer organization pursuing a partnership sourcing strategy,outsourcing core systems operations to a supplier,leads to substantial customer adaptations,1,FP,"The extracted CIMO is not supported by the paper excerpt, which focuses on adaptive behavior in buyer-supplier relationships rather than outsourcing core systems operations.",Qwen3-235B
AN EXPLORATORY STUDY OF THE EFFECTS OF SUPPLIER RELATIONSHIPS ON NEW PRODUCT DEV,Presence of uncooperative suppliers in the NPD process,experiencing supplier obstructionism,leads to increased project development time,1,FP,"The extracted CIMO is not supported by the paper excerpt, which focuses on supplier involvement rather than obstructionism.",Qwen3-235B
AN EXPLORATORY STUDY OF THE EFFECTS OF SUPPLIER RELATIONSHIPS ON NEW PRODUCT DEV,Projects with high technical difficulty requiring new technological capabilities,relying on supplier quality control for involvement decisions,results in reduced supplier involvement,1,FP,"The extracted CIMO contradicts the paper's findings, which suggest supplier involvement generally improves project outcomes rather than reducing supplier involvement.",Qwen3-235B
AN EXPLORATORY STUDY OF THE EFFECTS OF SUPPLIER RELATIONSHIPS ON NEW PRODUCT DEV,Supplier relationships characterized by strong quality practices and certification,providing quality control information to buyers,leads to decreased supplier obstructionism,1,FP,"The extracted CIMO is not supported by the paper excerpt, which focuses on supplier involvement in new product development rather than providing quality control information to buyers.",Qwen3-235B
BRIDGING TIES: A SOURCE OF FIRM HETEROGENEITY IN COMPETITIVE CAPABILITIES,In geographical clusters where firms rely on external advice for innovation,interacting infrequently with advisors in the firm's network,does not significantly influence the acquisition of competitive capabilities,1,FP,"The extracted CIMO contradicts the paper's findings, which actually suggest that maintaining bridging ties supports innovation and competitive capabilities, not that infrequent interaction doesn't influence capability acquisition.",Qwen3-235B
BRIDGING TIES: A SOURCE OF FIRM HETEROGENEITY IN COMPETITIVE CAPABILITIES,In geographically concentrated industrial regions with potential for information redundancy,dispersing advisors across distant locations,leads to a modest increase in competitive scanning capabilities,1,FP,"The extracted CIMO is not supported by the paper excerpt, which focuses on bridging ties and network resources in geographical clusters, not dispersing advisors across distant locations.",Qwen3-235B
BRIDGING TIES: A SOURCE OF FIRM HETEROGENEITY IN COMPETITIVE CAPABILITIES,In regions with publicly available support services through industrial extension centers,participating in regional institutions,leads to higher acquisition of pollution prevention and quality management capabilities,1,FP,The extracted CIMO does not match the reference CIMO and is not supported by the paper excerpt.,Qwen3-235B
BRIDGING TIES: A SOURCE OF FIRM HETEROGENEITY IN COMPETITIVE CAPABILITIES,In networks where firms have diverse and non-overlapping external contacts,maintaining nonredundant ties in the advice network,leads to reduced participation in regional institutions,1,FP,"The extracted CIMO contradicts the paper's findings, which actually suggest that maintaining bridging ties supports innovation through access to new ideas, not reduced participation in regional institutions.",Qwen3-235B
BUILDING CAPABILITIES TO MANAGE STRATEGIC ALLIANCES,In the context of aligning managerial incentives with alliance outcomes,linking top management team incentives to alliance performance,"leads to the development of codification, articulation, internalization, and sharing processes",1,FP,"The extracted CIMO is not supported by the paper excerpt as it focuses on linking incentives to alliance performance, while the paper focuses on alliance management capability and its drivers like commitment of the top management team.",Qwen3-235B
CO-EVOLUTION OF TRUST AND DEPENDENCE IN CUSTOMER–SUPPLIER RELATIONSHIPS,In relationships where interdependence increases due to centralized purchasing and few alternatives,failing to increase mutual commitments or trust-building actions,"leads to imbalance between trust and dependence, increasing opportunism risk",1,FP,"The extracted CIMO is not supported by the paper excerpt as it focuses on negative consequences of failing to build trust, while the paper examines the co-evolution of trust and dependence in relationships.",Qwen3-235B
"COOPERATION AMONG COMPANIES, UNIVERSITIES AND LOCAL GOVERNMENT IN A SWEDISH CONT",In the context of regional economic decline and risk of knowledge loss after corporate divestment,initiating cross-sectoral cooperation among former MoDo managers,leads to the creation of a shared vision for regional development around biorefinery,1,FP,"The extracted CIMO is not supported by the paper excerpt, which focuses on cooperation among companies, universities, and government for innovation and regional development, not specifically on cross-sectoral cooperation among former MoDo managers after corporate divestment.",Qwen3-235B
"COOPERATION AMONG COMPANIES, UNIVERSITIES AND LOCAL GOVERNMENT IN A SWEDISH CONT",In the context of limited trust and prior experience in cross-sector collaboration,leveraging personal relationships and shared history among former colleagues,leads to faster establishment of trust and smoother cooperation processes,1,FP,"The extracted CIMO is not supported by the paper excerpt, which focuses on cooperation among companies, universities, and government for innovation, not on leveraging personal relationships to build trust.",Qwen3-235B
DEVELOPMENT AND VALIDATION OF A MEASUREMENT INSTRUMENT FOR STUDYING SUPPLY CHAIN,In the context of internal manufacturing systems with inefficiencies,reducing setup times and implementing pull-production systems,leads to higher delivery dependability and faster time to market,1,FP,"The extracted CIMO is not supported by the paper excerpt, which focuses on developing a measurement instrument for SCM practices rather than specific interventions like reducing setup times.",Qwen3-235B
DEVELOPMENT AND VALIDATION OF A MEASUREMENT INSTRUMENT FOR STUDYING SUPPLY CHAIN,In the context of product customization in a demand-uncertain environment,delaying final product assembly until customer orders are received,leads to increased flexibility but does not significantly improve delivery or time-to-market performance,1,FP,"The extracted CIMO is not supported by the paper excerpt, which focuses on developing a measurement instrument for SCM practices and does not discuss product customization or delaying final assembly.",Qwen3-235B
DO BRIDGING TIES COMPLEMENT STRONG TIES? AN EMPIRICAL EXAMINATION OF ALLIANCE AM,In innovation-seeking project alliances with high diversity of knowledge and expertise,mediating the relationship between tie characteristics and performance through knowledge integration,fully explains the influence on alliance ambidexterity,3,FP,"The intervention is not a management action but rather a mediating relationship, which doesn't fit the CIMO structure.",Qwen3-235B
DO FORMAL CONTRACTS AND RELATIONAL GOVERNANCE FUNCTION AS SUBSTITUTES OR COMPLEM,Rapid technological change in information services requiring adaptation,developing relational governance,leads to higher levels of relational governance,2,FP,"The extracted CIMO incorrectly states that developing relational governance leads to higher levels of relational governance, which is circular reasoning not supported by the paper.",Qwen3-235B
DO FORMAL CONTRACTS AND RELATIONAL GOVERNANCE FUNCTION AS SUBSTITUTES OR COMPLEM,Increasing contractual complexity in buyer-supplier relationships,building relational governance,leads to greater levels of relational governance,2,FP,"The extracted CIMO's outcome 'leads to greater levels of relational governance' is circular and not supported by the paper, which examines the relationship between formal contracts and relational governance as complements or substitutes.",Qwen3-235B
DO FORMAL CONTRACTS AND RELATIONAL GOVERNANCE FUNCTION AS SUBSTITUTES OR COMPLEM,Strong relational governance in long-term interorganizational exchanges,increasing contractual complexity,leads to more customized contracts,2,FP,"The extracted CIMO is not supported by the paper excerpt which discusses formal contracts and relational governance as complements, not increasing contractual complexity leading to more customized contracts.",Qwen3-235B
DOES ADAPTATION PAY OFF?,When suppliers face informal quality expectations from a dominant buyer without formal demands,improving calibration of measuring equipment to meet ISO 9000 standards,results in enhanced market position and access to new customers,1,FP,"The extracted CIMO mentions improving calibration of measuring equipment to meet ISO 9000 standards, which is not mentioned or supported in the paper excerpt.",Qwen3-235B
DOES ADAPTATION PAY OFF?,Among competing suppliers in a geographically concentrated network serving a common buyer,cooperating through a third-party-administered calibration laboratory,saves time and costs for all participating firms,1,FP,"The extracted CIMO is not supported by the paper excerpt, which focuses on adaptation in buyer-supplier relationships improving product quality, not cooperation through calibration laboratories saving time and costs.",Qwen3-235B
DOES ADAPTATION PAY OFF?,In situations where suppliers risk increased dependency through buyer-specific adaptations,using a neutral third party to deliver calibration services instead of relying on the buyer,decreases the buyer's power over suppliers and strengthens supplier autonomy,1,FP,"The extracted CIMO is not supported by the paper excerpt, which focuses on adaptation between buyers and suppliers, not using a neutral third party for calibration services.",Qwen3-235B
DOES ADAPTATION PAY OFF?,When small suppliers must meet high quality requirements from a major customer while controlling costs,making joint financial contributions to shared quality infrastructure,enables cost-efficient adaptation and sustained business relationships,1,FP,"The extracted CIMO introduces elements (joint financial contributions to shared quality infrastructure, cost-efficient adaptation, sustained business relationships) not present in the paper excerpt, which focuses on adaptation in buyer-supplier relationships improving product quality.",Qwen3-235B
"E-REVERSE AUCTIONS REVISITED: AN ANALYSIS OF CONTEXT, BUYER–SUPPLIER RELATIONS A",In the context of e-reverse auctions with diverse supplier pools,using traditional communication media such as fax and regular mail more frequently,leads to higher supplier satisfaction and investment in the relationship,1,FP,"The extracted CIMO is not supported by the paper excerpt, which focuses on e-reverse auctions and their impact on buyer-supplier relationships, not on traditional communication media.",Qwen3-235B
ENTERPRISE LOGISTICS AND SUPPLY CHAIN STRUCTURE: THE ROLE OF FIT,Firms operating in geographically concentrated supply chains with localized operations,not implementing enterprise logistics integration,results in higher operational performance,2,FP,The extracted CIMO contradicts the paper's findings which state that enterprise logistics integration is necessary for coordinating geographically dispersed supply chains.,Qwen3-235B
ENTERPRISE LOGISTICS AND SUPPLY CHAIN STRUCTURE: THE ROLE OF FIT,Pure network structures with strong inter-firm relationships and low vertical integration,combining enterprise logistics with network governance,leads to lower financial and service performance due to coordination redundancy,2,FP,The extracted CIMO contradicts the paper's findings which state that enterprise logistics integration alone does not guarantee improved performance for pure network structures.,Qwen3-235B
EXERCISED POWER AS A DRIVER OF TRUST AND COMMITMENT IN CROSS-BORDER INDUSTRIAL B,Cross-border industrial buyer–seller relationships with conflict and satisfaction,experiencing conflict,leads to reduced trust,1,FP,"The extracted CIMO incorrectly identifies 'experiencing conflict' as an intervention, but conflict is actually an outcome in the paper, not an intervention.",Qwen3-235B
EXERCISED POWER AS A DRIVER OF TRUST AND COMMITMENT IN CROSS-BORDER INDUSTRIAL B,Cross-border industrial buyer–seller relationships with conflict and satisfaction,experiencing satisfaction,leads to enhanced trust,1,FP,"The intervention 'experiencing satisfaction' is not a management action but rather an outcome or state, and the paper discusses satisfaction as a result of power exercise, not as an intervention that leads to trust.",Qwen3-235B
"MAKE, BUY, OR ALLY: A TRANSACTION COST THEORY META-ANALYSIS",High asset specificity in transaction relationships,choosing relational governance,leads to enhanced performance,2,FP,"The extracted CIMO mentions 'choosing relational governance' as the intervention, but the paper excerpt only discusses hierarchical and relational governance as both being appropriate for certain transaction dimensions, without specifically stating that relational governance is chosen in the context of high asset specificity.",Qwen3-235B
MANAGING THE BUYER-SUPPLIER INTERFACE FOR ON-TIME PERFORMANCE IN PRODUCT DEVELOP,In product development projects involving different degrees of technical change,increasing the degree of technical change of the overall product,increases delays to the buyer's project overall,1,FP,The extracted CIMO is not supported by the paper excerpt; the paper discusses technical change as a factor affecting delays but not as an intervention to increase delays.,Qwen3-235B
PEEKING INSIDE THE BLACK BOX: TOWARD AN UNDERSTANDING OF SUPPLY CHAIN COLLABORAT,Resistance to change due to structural inertia and past success with traditional practices,implementing learning and experimentation mechanisms like pilot projects,fosters cultural adaptation,1,FP,"The extracted CIMO is not supported by the paper excerpt, which focuses on supply chain collaboration rather than resistance to change and cultural adaptation.",Qwen3-235B
REDUNDANT GOVERNANCE STRUCTURES: AN ANALYSIS OF STRUCTURAL AND RELATIONAL EMBEDD,High structural embeddedness in the form of dense ego networks among strategic alliance partners,maintaining strong ties with strategic partners,leads to lower firm performance,2,FP,"The extracted CIMO contradicts the paper's findings which state that strong ties in a highly interconnected network negatively impact firm performance, not that maintaining strong leads to lower performance.",Qwen3-235B
RELATION-SPECIFIC CAPABILITIES AND BARRIERS TO KNOWLEDGE TRANSFERS: CREATING ADV,When manufacturing processes involve high capital investment and fixed layouts for certain customers,relying on automated and inflexible production systems bolted into place,delays the adoption of lean production methods learned from other customers,1,FP,"The extracted CIMO is not supported by the paper excerpt, which focuses on knowledge sharing in supplier networks rather than automated production systems delaying lean adoption.",Qwen3-235B
SOCIAL CAPITAL IN THE GROWTH OF SCIENCE-AND-TECHNOLOGY-BASED SMES,In the transition from commercialization to rapid growth as the company gains reputation,relying on increased structural centrality and reputation,leads to reduced dependence on personal links for identifying international distributors,1,FP,The extracted CIMO is not supported by the paper excerpt as it mentions 'structural centrality and reputation' which are not discussed in the provided text.,Qwen3-235B
SOCIAL EXCHANGE IN SUPPLY CHAIN RELATIONSHIPS: THE RESULTING BENEFITS OF PROCEDU,In supply chain relationships characterized by high relational behaviors,engaging in relational behaviors,decreases conflict,1,FP,"The extracted CIMO is not supported by the paper excerpt, which focuses on procedural and distributive justice as interventions, not relational behaviors.",Qwen3-235B
SOCIAL EXCHANGE IN SUPPLY CHAIN RELATIONSHIPS: THE RESULTING BENEFITS OF PROCEDU,In supply chain relationships characterized by high relational behaviors,engaging in relational behaviors,increases satisfaction,1,FP,The extracted CIMO is not supported by the paper excerpt as it misrepresents the intervention and context.,Qwen3-235B
SOCIAL EXCHANGE IN SUPPLY CHAIN RELATIONSHIPS: THE RESULTING BENEFITS OF PROCEDU,In supply chain relationships with high long-term orientation,developing long-term orientation,decreases conflict,1,FP,"The extracted CIMO is not supported by the paper excerpt, which focuses on procedural and distributive justice as interventions, not developing long-term orientation.",Qwen3-235B
SOCIAL EXCHANGE IN SUPPLY CHAIN RELATIONSHIPS: THE RESULTING BENEFITS OF PROCEDU,In supply chain relationships with high long-term orientation,developing long-term orientation,increases satisfaction,1,FP,"The extracted CIMO is not supported by the paper excerpt, which focuses on procedural and distributive justice policies as interventions, not developing long-term orientation.",Qwen3-235B
SOCIAL EXCHANGE IN SUPPLY CHAIN RELATIONSHIPS: THE RESULTING BENEFITS OF PROCEDU,In supply chain relationships with high satisfaction,increasing satisfaction,decreases conflict,1,FP,"The extracted CIMO is not supported by the paper excerpt, which focuses on procedural and distributive justice as interventions, not increasing satisfaction.",Qwen3-235B
SOCIAL EXCHANGE IN SUPPLY CHAIN RELATIONSHIPS: THE RESULTING BENEFITS OF PROCEDU,In supply chain relationships with high conflict,experiencing conflict,decreases performance,1,FP,"The intervention 'experiencing conflict' is not a management action but rather a condition or state, which contradicts the paper's focus on justice policies as interventions.",Qwen3-235B
STRATEGIC ALLIANCE SUCCESS FACTORS,When strategic and operational responsibilities in alliances need proper governance,providing senior management support,leads to appropriate allocation of responsibility and alliance stability,1,FP,"The extracted CIMO is not supported by the paper excerpt, which focuses on alliance success factors, trust, commitment, and relationship performance rather than governance and senior management support.",Qwen3-235B
SUPPLIER DEVELOPMENT: CURRENT PRACTICES AND OUTCOMES,"In buyer-supplier relationships where suppliers' performance is deficient in quality, delivery, or cost",providing feedback about evaluation results,leads to reduced incoming defects,1,FP,"The extracted CIMO's intervention 'providing feedback about evaluation results' is not explicitly mentioned as a supplier development activity in the paper, which focuses on broader activities like training, investment, and personnel exchange.",Qwen3-235B
SUPPLIER DEVELOPMENT: CURRENT PRACTICES AND OUTCOMES,In relationships where performance improvements are needed but commitment is limited,using two or three suppliers to create competition,leads to increased pressure for performance improvement,1,FP,"The extracted CIMO is not supported by the paper excerpt, which focuses on supplier development activities rather than using multiple suppliers to create competition.",Qwen3-235B
SUPPLIER DEVELOPMENT: CURRENT PRACTICES AND OUTCOMES,In relationships where the buyer wants to recognize and reinforce good performance,recognizing supplier achievements through award programs,leads to enhanced supplier relationship continuity,1,FP,The extracted CIMO is not supported by the paper excerpt as it focuses on award programs which are not mentioned in the text.,Qwen3-235B
SUPPLIER DEVELOPMENT: CURRENT PRACTICES AND OUTCOMES,When the buyer aims to build supplier capability for strategic collaboration,inviting supplier's personnel to the buyer's site,leads to greater supplier awareness of product use,1,FP,"The intervention 'inviting supplier's personnel to the buyer's site' is not mentioned in the paper, and the outcome 'greater supplier awareness of product use' is not explicitly supported by the excerpt.",Qwen3-235B
"SUPPLIER INTEGRATION INTO NEW PRODUCT DEVELOPMENT: COORDINATING PRODUCT, PROCESS",In black box supplier integration where suppliers have primary design responsibility,involving suppliers in setting business performance targets,leads to reduced project team effectiveness,1,FP,The extracted CIMO contradicts the paper's findings which show supplier involvement in setting targets improves performance rather than reduces effectiveness.,Qwen3-235B
SUPPLIER INTEGRATION—FINDING AN OPTIMAL CONFIGURATION,In the context of high asset specificity and behavioral uncertainty in buyer-supplier relationships,choosing hierarchical governance through supplier integration practices,leads to enhanced performance by reducing transaction costs,1,FP,The extracted CIMO mentions 'high asset specificity and behavioral uncertainty' and 'hierarchical governance' which are not supported by the paper excerpt.,Qwen3-235B
SUPPLIER INTEGRATION—FINDING AN OPTIMAL CONFIGURATION,In environments with high operational or technological uncertainty,developing relational capital through joint problem solving and trust-building,leads to greater adaptability and reduced opportunism in buyer-supplier relationships,1,FP,"The extracted CIMO is not supported by the paper excerpt, which focuses on supplier integration practices and their optimal configurations, not relational capital development through joint problem solving.",Qwen3-235B
"THE DRIVERS OF CUSTOMER ATTRACTIVENESS, SUPPLIER SATISFACTION AND PREFERRED CUST",In relationships where power dynamics influence satisfaction and performance,using reward-mediated and non-mediated power sources instead of coercive ones,leads to higher supplier satisfaction,1,FP,The extracted CIMO mentions power dynamics and coercive power which are not discussed in the paper excerpt.,Qwen3-235B
"THE DRIVERS OF CUSTOMER ATTRACTIVENESS, SUPPLIER SATISFACTION AND PREFERRED CUST",In relationships where social capital mediates supplier behavior,investing in supplier development to build relational and cognitive capital,leads to preferential buyer benefits when structural capital is established,1,FP,"The extracted CIMO introduces concepts (social capital, relational/cognitive/structural capital) not present in the paper excerpt, which focuses on customer attractiveness, supplier satisfaction, and preferred customer status.",Qwen3-235B
"THE DRIVERS OF CUSTOMER ATTRACTIVENESS, SUPPLIER SATISFACTION AND PREFERRED CUST",In geographically dispersed supply networks with strong regional clusters,locating within the same regional or national cluster as the supplier,leads to easier achievement of preferred customer status,1,FP,"The extracted CIMO introduces a specific intervention (locating within the same regional or national cluster) that is not mentioned or supported in the paper excerpt, which focuses on general drivers of customer attractiveness, supplier satisfaction, and preferred customer status without discussing geographical clustering as a factor.",Qwen3-235B
"UNCERTAINTY, OPPORTUNISM, AND GOVERNANCE: THE EFFECTS OF VOLATILITY AND AMBIGUIT",High ambiguity in outsourced R&D relationships for new-product development,relying on relational contracts based on trust and continuity,leads to increased supplier opportunism,2,FP,"The extracted CIMO contradicts the paper's findings which show relational contracts reduce opportunism under ambiguity, not increase it.",Qwen3-235B
USING INFLUENCE STRATEGIES TO ADVANCE SUPPLIER DELIVERY FLEXIBILITY: THE MODERAT,High levels of trust in the buyer–supplier relationship,using the promise strategy,leads to enhanced supplier delivery flexibility,1,FP,"The extracted CIMO incorrectly states that using the promise strategy leads to enhanced supplier delivery flexibility, while the paper explicitly states that the promise strategy depresses supplier delivery flexibility when there is a highly shared vision.",Qwen3-235B
USING INFLUENCE STRATEGIES TO ADVANCE SUPPLIER DELIVERY FLEXIBILITY: THE MODERAT,High levels of trust in the interorganizational relationship,using the information exchange strategy,decreases supplier delivery flexibility,1,FP,"The extracted CIMO incorrectly states that information exchange decreases supplier delivery flexibility, while the paper shows it has a negative effect only under high trust conditions, not universally.",Qwen3-235B
USING INFLUENCE STRATEGIES TO ADVANCE SUPPLIER DELIVERY FLEXIBILITY: THE MODERAT,High levels of trust between manufacturer and supplier,using the recommendation strategy,decreases supplier delivery flexibility,1,FP,"The extracted CIMO incorrectly states that using recommendation strategy decreases supplier delivery flexibility, while the paper shows it increases flexibility under high shared vision.",Qwen3-235B
WHEN DOES TRUST MATTER TO ALLIANCE PERFORMANCE?,In the context of high environmental unpredictability in product markets,depending on interorganizational trust,reduces the positive relationship between trust and alliance performance,1,FP,"The extracted CIMO incorrectly states that trust reduces the positive relationship between trust and alliance performance, while the paper shows that trust has different effects depending on the type of uncertainty (behavioral vs environmental).",Qwen3-235B
A BUYER'S PERSPECTIVE ON COLLABORATIVE VERSUS TRANSACTIONAL RELATIONSHIPS,In a transactional buyer-supplier relationship,"Making dedicated investments in personnel, proprietary expertise, or equipment specific to the relationship",has a negative impact on the buyer's satisfaction with the relationship,1,FP,"The extracted CIMO contradicts the paper's findings, which state that collaborative relationships offer higher satisfaction than transactional relationships, and the paper doesn't support that dedicated investments in transactional relationships have a negative impact on satisfaction.",DeepSeek-V3.2
A COMPARATIVE LONGITUDINAL ANALYSIS OF THEORETICAL PERSPECTIVES OF INTERORGANIZA,In interorganizational exchange relationships where customers make relationship-specific investments,Customers making relationship-specific investments,lowers customers' trust in the seller,1,FP,"The extracted CIMO contradicts the paper, which states that relationship-specific investments improve exchange performance, not lower trust.",DeepSeek-V3.2
A COMPARATIVE LONGITUDINAL ANALYSIS OF THEORETICAL PERSPECTIVES OF INTERORGANIZA,In interorganizational exchange relationships where sellers engage in opportunistic behavior,Sellers engaging in opportunistic behavior,undermines customers' trust in the seller,1,FP,"The extracted CIMO contradicts the paper's focus on how trust and commitment improve relationship performance, not how opportunistic behavior undermines trust.",DeepSeek-V3.2
A COMPARATIVE LONGITUDINAL ANALYSIS OF THEORETICAL PERSPECTIVES OF INTERORGANIZA,In interorganizational exchange relationships with high interdependence,Increasing interdependence between exchange partners,leads to higher levels of customer commitment,1,FP,"The intervention 'increasing interdependence between exchange partners' is not supported as a management action in the paper; instead, the paper discusses interdependence as a contextual factor or outcome, not an intervention.",DeepSeek-V3.2
A COMPARATIVE LONGITUDINAL ANALYSIS OF THEORETICAL PERSPECTIVES OF INTERORGANIZA,In interorganizational exchange relationships where customers make relationship-specific investments,Customers making relationship-specific investments,enhances sales growth,1,FP,"The extracted CIMO incorrectly identifies the intervention as 'customers making relationship-specific investments' when the paper shows these investments are precursors to performance, not the intervention itself.",DeepSeek-V3.2
A SUPPLIER DEVELOPMENT PROGRAM: RATIONAL PROCESS OR INSTITUTIONAL IMAGE CONSTRUC,Under pressure to demonstrate program success to the customer's senior management and to justify the SDRs' positions,Recording final measured improvements in target variables that are significantly higher than initial predictions,produces a consistent record of positive workshop outcomes without any negative changes,1,FP,"The extracted CIMO is not supported by the paper excerpt, which discusses supplier development programs from an institutional theory perspective, not recording improvements in target variables.",DeepSeek-V3.2
A TALE OF TWO PARTNERSHIPS: SOCIALIZATION IN THE DEVELOPMENT OF BUYER–SUPPLIER R,In a buyer-supplier relationship characterized by negative perceptions from past interactions and fading strategic support.,Replacing managers who are negatively influenced by the historical experiences,creates the potential to rebuild trust and restore the relationship to a reasonable level.,1,FP,"The extracted CIMO is not supported by the paper excerpt, which focuses on socialization tactics in buyer-supplier relationships, not replacing managers.",DeepSeek-V3.2
ADAPTIVE BEHAVIOR IN BUYER–SUPPLIER RELATIONSHIPS,"In buyer-supplier relationships where one firm is highly dependent on the other, creating a significant power imbalance favoring the customer.",Exploiting the power advantage to coerce the supplier into making specific organizational adaptations.,"leads to substantial supplier adaptations, often perceived by the supplier as coercive and damaging to the relationship.",1,FP,"The extracted CIMO describes coercive behavior in power-imbalanced relationships, which is not supported by the paper excerpt focusing on adaptive behavior in partnerships.",DeepSeek-V3.2
ADAPTIVE BEHAVIOR IN BUYER–SUPPLIER RELATIONSHIPS,In a relationship where a buying firm explicitly espouses a partnership sourcing philosophy but the supplier perceives no tangible support.,Withholding further relationship-specific investments from the buying firm.,prevents the supplier from entering a disadvantageous dependency and maintains its bargaining position.,1,FP,"The extracted CIMO is not supported by the paper excerpt, which focuses on adaptive behavior in buyer-supplier relationships rather than withholding investments to prevent dependency.",DeepSeek-V3.2
"ALLIANCE CAPABILITY, STOCK MARKET RESPONSE, AND LONG-TERM ALLIANCE SUCCESS: THE ","As a firm's cumulative number of alliances increases, making portfolio management more complex.",Investing in a dedicated alliance function to coordinate and manage the growing alliance activity,raises the likelihood of the firm establishing such a dedicated organizational unit,1,FP,"The extracted CIMO's outcome is not supported by the paper excerpt, which focuses on alliance success rather than establishing a dedicated organizational unit.",DeepSeek-V3.2
"ALLIANCE CAPABILITY, STOCK MARKET RESPONSE, AND LONG-TERM ALLIANCE SUCCESS: THE ",When a firm announces a new strategic alliance.,The stock market responding positively to the announcement based on available information,correlates positively with the long-term success of the alliance as assessed by managers,1,FP,"The intervention is not a management action but rather a market response, which is a condition rather than something a firm actively does.",DeepSeek-V3.2
AN EXPLORATORY STUDY OF THE EFFECTS OF SUPPLIER RELATIONSHIPS ON NEW PRODUCT DEV,"In new product development (NPD) projects where suppliers have strong quality practices, such as providing quality control information and being certified.",Involving those suppliers more extensively in the NPD process,leads to a higher level of supplier involvement in the project,1,FP,"The outcome 'leads to a higher level of supplier involvement in the project' is circular and not supported by the paper, which focuses on how supplier involvement affects project outcomes, not the reverse.",DeepSeek-V3.2
AN EXPLORATORY STUDY OF THE EFFECTS OF SUPPLIER RELATIONSHIPS ON NEW PRODUCT DEV,In NPD projects where suppliers have strong quality control systems and a history of good performance.,Relying on those suppliers for the NPD effort,decreases the likelihood of supplier obstructionism hampering project progress,1,FP,"The extracted CIMO is not supported by the paper excerpt, which focuses on supplier involvement in NPD projects rather than relying on suppliers with good quality control systems.",DeepSeek-V3.2
AN EXPLORATORY STUDY OF THE EFFECTS OF SUPPLIER RELATIONSHIPS ON NEW PRODUCT DEV,In NPD projects characterized by a high level of technical difficulty or uncertainty.,Increasing the level of supplier involvement,leads to a greater dependence on and involvement of suppliers,1,FP,"The extracted CIMO's outcome (greater dependence on and involvement of suppliers) is not supported by the paper excerpt, which focuses on outcomes like product quality, development time, and project cost.",DeepSeek-V3.2
AN EXPLORATORY STUDY OF THE EFFECTS OF SUPPLIER RELATIONSHIPS ON NEW PRODUCT DEV,In breakthrough or highly innovative NPD projects that require new technological capabilities.,Involving current suppliers with established quality control practices,reduces the positive effect of supplier quality control on the level of supplier involvement,1,FP,"The extracted CIMO contradicts the paper's findings, which generally show positive effects of supplier involvement on NPD outcomes.",DeepSeek-V3.2
AN EXPLORATORY STUDY OF THE EFFECTS OF SUPPLIER RELATIONSHIPS ON NEW PRODUCT DEV,"In NPD projects where suppliers are uncooperative, give the project low priority, or cause delays.",Depending on those critical but obstructive suppliers,increases project development time and reduces the likelihood of meeting time-to-market objectives,1,FP,"The intervention is not a management action but rather a description of supplier behavior, which contradicts the paper's focus on supplier involvement as a controllable factor.",DeepSeek-V3.2
BRIDGING TIES: A SOURCE OF FIRM HETEROGENEITY IN COMPETITIVE CAPABILITIES,In a geographical cluster where firms are concerned about the leakage of proprietary information through quasi-public regional institutions.,Maintaining an advice network characterized by high nonredundancy,decreases the firm's participation in regional institutions.,1,FP,"The extracted CIMO contradicts the paper's findings, which suggest that maintaining bridging ties supports firm capabilities through access to new information, rather than decreasing participation in regional institutions.",DeepSeek-V3.2
BUILDING CAPABILITIES TO MANAGE STRATEGIC ALLIANCES,In a firm with an adhocracy culture characterized by flexibility and innovation,linking management incentives to alliance outcomes,encourages greater sharing of information on the alliance process,1,FP,"The extracted CIMO is not supported by the paper excerpt, which focuses on alliance management capability and its drivers, not on management incentives and information sharing in adhocracy cultures.",DeepSeek-V3.2
BUYER DEPENDENCY AND RELATIONAL CAPITAL FORMATION: THE MEDIATING EFFECTS OF SOCI,When a buyer is relatively more dependent on a supplier and seeks to secure stability in an uncertain and dynamic supply market.,Attempting to integrate the supplier more formally through strategic partnerships and information sharing,"does not lead to increased levels of supplier integration, contrary to the buyer's intention.",1,FP,"The extracted CIMO contradicts the paper's findings, which state that buyer dependency did not lead to increased supplier integration.",DeepSeek-V3.2
CO-EVOLUTION OF TRUST AND DEPENDENCE IN CUSTOMER–SUPPLIER RELATIONSHIPS,When a customer decreases its purchasing volumes from a supplier,Reducing the frequency and volume of transactions,attenuates the supplier's trust in the customer and creates an imbalance between trust and interdependence,1,FP,"The extracted CIMO is not supported by the paper excerpt, which focuses on the co-evolution of trust and dependence in customer-supplier relationships, not on the impact of reducing transaction frequency and volume on trust.",DeepSeek-V3.2
CREATING MAJOR INNOVATIONS WITH CUSTOMERS: INSIGHTS FROM SMALL AND YOUNG TECHNOL,In the context of small and young firms new to developing major innovations,"leveraging learning agility characterized by cognitive, structural, and relational flexibility",improves the chances of MI success,1,FP,The extracted CIMO mentions 'leveraging learning agility' which is not supported by the paper excerpt.,DeepSeek-V3.2
DEVELOPMENT AND VALIDATION OF A MEASUREMENT INSTRUMENT FOR STUDYING SUPPLY CHAIN,In the context of managing relationships with customers to improve satisfaction and sustain loyalty.,"Practicing customer relationship management by interacting with customers to set standards, measuring satisfaction, and determining future expectations.",increases delivery dependability and reduces the time required to bring new products to market.,1,FP,"The extracted CIMO is not supported by the paper excerpt, which focuses on developing a measurement instrument for SCM practices rather than customer relationship management's impact on delivery dependability and product development time.",DeepSeek-V3.2
DOES ADAPTATION PAY OFF ?,In a supply network where a powerful multinational buyer expresses a strong wish for suppliers to improve quality calibration.,Collectively establishing a common calibration laboratory with other suppliers,decreases the suppliers' dependence on the focal buyer and saves time and money for all parties.,1,FP,"The extracted CIMO is not supported by the paper excerpt, which discusses adaptation in buyer-supplier relationships but does not mention establishing a common calibration laboratory.",DeepSeek-V3.2
DOES ADAPTATION PAY OFF ?,In a situation where individual small suppliers struggle to meet high-quality standards while keeping costs down.,Cooperating with competitors by jointly financing and using a common calibration laboratory,enables consistent production quality and provides access to calibration services that would be otherwise unaffordable.,1,FP,"The extracted CIMO describes a specific intervention (cooperating with competitors by jointly financing a calibration laboratory) that is not mentioned or supported in the paper excerpt, which focuses on adaptation in buyer-supplier relationships rather than supplier cooperation.",DeepSeek-V3.2
DOES ADAPTATION PAY OFF ?,When a buyer encourages suppliers to calibrate equipment but does not provide the service itself.,Proactively initiating a joint calibration project through a local business association,results in a win-win situation where both buyer and suppliers save resources and improve product quality.,1,FP,"The extracted CIMO is not supported by the paper excerpt, which discusses adaptation in buyer-supplier relationships but doesn't mention calibration projects or local business associations.",DeepSeek-V3.2
ENTERPRISE LOGISTICS AND SUPPLY CHAIN STRUCTURE: THE ROLE OF FIT,"In a supply chain organized as a network structure (characterized by strong, cooperative supplier-customer links but low vertical integration)",adopting enterprise logistics practices,leads to lower service and financial performance,2,FP,The extracted CIMO contradicts the paper's findings which indicate that enterprise logistics integration does not guarantee improved performance for pure network structures.,DeepSeek-V3.2
EXERCISED POWER AS A DRIVER OF TRUST AND COMMITMENT IN CROSS-BORDER INDUSTRIAL B,"In cross-border industrial buyer-seller relationships characterized by disagreements, tension, and frustration",Experiencing high levels of conflict,negatively affects trust between the interacting parties,1,FP,"The intervention 'Experiencing high levels of conflict' is not a management action but rather a condition or state, which violates the requirement for a clear management action in CIMO extraction.",DeepSeek-V3.2
EXERCISED POWER AS A DRIVER OF TRUST AND COMMITMENT IN CROSS-BORDER INDUSTRIAL B,In cross-border industrial buyer-seller relationships where past interactions are evaluated,Achieving satisfaction from the relationship (positive affective state from met expectations),positively affects trust in the relationship,1,FP,"The intervention is not a management action but rather an outcome (satisfaction), and the relationship described contradicts the paper's findings that satisfaction enhances trust but is not directly achieved through power.",DeepSeek-V3.2
LEADERSHIP AND RELATIONSHIP COMMITMENT: A FOCUS ON THE SUPPLIER–BUYER–USER LINKA,"In the dyadic relationship between corporate buyers and internal SBU users, where the prevailing attitude is to satisfy user needs transactionally",Focusing on short-term transactional exchanges to satisfy user needs,fails to build the long-term relational commitment that corporate buyers seek,1,FP,"The extracted CIMO contradicts the paper's findings, which show that transactional leadership (not transformational) is associated with limited relationship commitment.",DeepSeek-V3.2
MANAGING THE BUYER-SUPPLIER INTERFACE FOR ON-TIME PERFORMANCE IN PRODUCT DEVELOP,During a product development project involving a supplier,Increasing the frequency of phone calls with the supplier,is associated with fewer of the supplier's activities being completed on time,1,FP,"The intervention 'increasing the frequency of phone calls with the supplier' is not supported by the paper, which found that 'greater buyer-supplier communication were not confirmed' as an effective technique.",DeepSeek-V3.2
MANAGING THE BUYER-SUPPLIER INTERFACE FOR ON-TIME PERFORMANCE IN PRODUCT DEVELOP,When developing a new product relative to a firm's previous models,Increasing the degree of technical change of the overall product,increases delays to the buyer's project overall,1,FP,"The extracted CIMO is not supported by the paper excerpt; the paper discusses technical capabilities reducing delays, not increasing technical change causing delays.",DeepSeek-V3.2
RELATIONSHIP MARKETING AND SUPPLIER LOGISTICS PERFORMANCE: AN EXTENSION OF THE K,In a buyer-supplier relationship where the buyer faces an unpredictable task environment and lacks adequate information for decision-making.,The buyer operating under conditions of high decision-making uncertainty regarding product needs and inventory levels.,"leads to a significant decrease in supplier logistics performance, hampering fill rates and on-time deliveries.",1,FP,"The intervention is not a management action but a condition (decision-making uncertainty), and the C-I-O relationship is not clearly supported by the paper excerpt.",DeepSeek-V3.2
SOCIAL CAPITAL IN THE GROWTH OF SCIENCE-AND-TECHNOLOGY-BASED SMES,When an SME needs to raise capital during the innovation assessment or offering development phase.,"Leveraging the founders' strong industry position, integrity, and track record to convince potential investors.","facilitates the acquisition of venture capital and financial resources from foundations, private investors, and governmental agencies.",1,FP,"The extracted CIMO focuses on leveraging founders' personal attributes to acquire capital, while the paper discusses social capital and networks in SME growth phases, not specifically founder attributes for investor persuasion.",DeepSeek-V3.2
SOCIAL CAPITAL IN THE GROWTH OF SCIENCE-AND-TECHNOLOGY-BASED SMES,When a growing SME needs to establish a new distribution network of small local agents or entrepreneurs to enter a new business field.,Searching for and evaluating agent candidates by employing the existing social networks of the company's personnel.,helps the firm find the best agent candidates and build a crucial new distribution channel for its business model.,1,FP,"The extracted CIMO is not supported by the paper excerpt as it focuses on establishing distribution networks through social networks, while the paper discusses social capital in SME growth phases and network mobilization capability more broadly.",DeepSeek-V3.2
SOCIAL EXCHANGE IN SUPPLY CHAIN RELATIONSHIPS: THE RESULTING BENEFITS OF PROCEDU,"When a distributor develops a long-term orientation toward its supplier, expecting the relationship to continue.",Maintaining a long-term orientation and working to preserve the mutually beneficial relationship.,decreases the distributor's conflict with the supplier.,1,FP,"The extracted CIMO is not supported by the paper excerpt, which focuses on procedural and distributive justice as interventions rather than maintaining long-term orientation.",DeepSeek-V3.2
SOCIAL EXCHANGE IN SUPPLY CHAIN RELATIONSHIPS: THE RESULTING BENEFITS OF PROCEDU,"When a distributor is satisfied with its supply chain partner, having similar subjective beliefs and perceptions.",Being satisfied with the partner and the relationship's outcomes.,decreases the distributor's conflict with the supplier.,1,FP,"The extracted CIMO is not supported by the paper excerpt, which focuses on procedural and distributive justice as interventions, not satisfaction with the partner.",DeepSeek-V3.2
SOCIAL EXCHANGE IN SUPPLY CHAIN RELATIONSHIPS: THE RESULTING BENEFITS OF PROCEDU,When conflict exists in a supply chain relationship due to diversion of goal attainment.,Experiencing conflict with the supply chain partner over business issues.,decreases the distributor's performance relative to industry peers.,1,FP,"The intervention is not a management action but a condition (experiencing conflict), and the C-I-O relationship contradicts the paper's findings that justice policies decrease conflict and improve performance.",DeepSeek-V3.2
SUPPLIER DEVELOPMENT: CURRENT PRACTICES AND OUTCOMES,When a buying firm seeks to motivate a supplier's performance without committing its own resources.,Using enforced competition by sourcing from two or more suppliers for the same purchased item.,fosters supplier performance improvements through market pressure but involves no direct commitment from the buyer.,1,FP,"The extracted CIMO focuses on enforced competition as an intervention, which is not the main focus of the paper on supplier development activities.",DeepSeek-V3.2
SUPPLIER EVALUATIONS: COMMUNICATION STRATEGIES TO IMPROVE SUPPLIER PERFORMANCE,When the supplier is committed to the buying firm.,The supplier feeling a strong sense of loyalty and obligation to the buying firm,"improves the supplier's operational performance (quality, delivery, price, etc.)",1,FP,"The intervention is not a management action but rather a supplier's internal state (feeling loyalty), which contradicts the paper's focus on buyer firm communication strategies as interventions.",DeepSeek-V3.2
SUPPLIER INTEGRATION—FINDING AN OPTIMAL CONFIGURATION,In buyer-supplier relationships where firms seek to reduce transaction costs and protect specific assets under conditions of uncertainty,Employing hybrid governance mechanisms through relational supplier integration practices,lowers transaction costs and leads to improved manufacturing and firm performance,1,FP,"The extracted CIMO mentions hybrid governance mechanisms and reducing transaction costs, which are not explicitly supported by the paper excerpt.",DeepSeek-V3.2
"THE DRIVERS OF CUSTOMER ATTRACTIVENESS, SUPPLIER SATISFACTION AND PREFERRED CUST",For a buying firm operating in global sourcing and attempting to access suppliers in a foreign industry cluster,Achieving geographical proximity to the supplier or obtaining cluster membership,facilitates attaining preferred customer status compared to foreign firms,1,FP,The extracted CIMO's context about global sourcing and foreign industry clusters is not supported by the paper excerpt.,DeepSeek-V3.2
THE EFFECTS OF INFLUENCE STRATEGIES ON DEALER SATISFACTION AND PERFORMANCE IN TA,When a dealer in Taiwan's motor industry is economically satisfied with the supplier relationship.,The dealer being economically satisfied (positive affective response to financial rewards and relationship productivity).,leads to better financial performance for the dealer.,1,FP,The intervention is not a management action but rather a condition (economic satisfaction).,DeepSeek-V3.2
THE EFFECTS OF PARTNER AND RELATIONSHIP CHARACTERISTICS ON ALLIANCE OUTCOMES,In the context of an equity-based alliance structure,combining shared equity governance with a high degree of shared decision making,produces a stronger positive effect on alliance performance,1,FP,"The extracted CIMO is not supported by the paper excerpt, which focuses on partner characteristics and relationship factors affecting alliance outcomes, not equity-based alliance structures.",DeepSeek-V3.2
"THE IMPACT OF COERCIVE AND NON-COERCIVE FORMS OF INFLUENCE ON TRUST, COMMITMENT,",In interdependent supply chain relationships where joint action is required,Relying on overt influence strategies to affect behavioral change,fails to directly increase actual compliance with specific adoption requests,1,FP,"The extracted CIMO contradicts the paper's findings which show that non-coercive influence strategies increase trust, commitment, and joint action, while coercive strategies are counterproductive.",DeepSeek-V3.2
"THE IMPACT OF COERCIVE AND NON-COERCIVE FORMS OF INFLUENCE ON TRUST, COMMITMENT,",In a supply chain relationship characterized by trust,Building and maintaining high levels of partner trust,increases both intentions to cooperate and actual compliance with requests,1,FP,"The extracted CIMO's intervention is 'Building and maintaining high levels of partner trust' which is not a management action but rather a relational outcome, contradicting the paper's focus on influence strategies as interventions.",DeepSeek-V3.2
THE IMPLICATIONS OF SOCIALIZATION AND INTEGRATION IN SUPPLY CHAIN MANAGEMENT,In buyer-supplier relationships where firms aim to create a seamless supply chain,"Increasing the level of supply chain integration in operations planning, forecasting, and scheduling",enhances the supplier's communication performance,2,FP,"The intervention in the extracted CIMO is 'Increasing the level of supply chain integration in operations planning, forecasting, and scheduling', which is not mentioned in the paper excerpt. The paper focuses on socialization as a tactic for influencing, not supply chain integration in operations planning.",DeepSeek-V3.2
THE IMPLICATIONS OF SOCIALIZATION AND INTEGRATION IN SUPPLY CHAIN MANAGEMENT,In a buyer-supplier relationship where the supplier demonstrates improved performance,"The supplier achieving higher operational performance in cost, delivery, and quality",increases the buyer's perceived level of the supplier's contractual conformance,2,FP,"The intervention is not a management action but rather a performance outcome, which contradicts the paper's focus on socialization and integration as interventions.",DeepSeek-V3.2
THE RELATIONSHIP BETWEEN EDI AND SUPPLIER RELIABILITY,In an EDI-enabled trading relationship where the buyer shares demand forecasts,sharing inaccurate demand forecasts with the supplier,is associated with lower supplier reliability,1,FP,"The extracted CIMO contradicts the paper's findings, which show that EDI improves supplier reliability when properly implemented, not that sharing inaccurate forecasts reduces reliability.",DeepSeek-V3.2
TOWARDS AN UNDERSTANDING OF ATTRACTION IN BUYER–SUPPLIER RELATIONSHIPS,When a firm aims to align internal perceptions about the importance of supply chain relationships.,Institutionalizing a top management vision and company culture that values supplier or customer relationships,helps align conflicting perceptions across different functions and actors within the firm.,2,FP,"The extracted CIMO is not supported by the paper excerpt, which focuses on attraction in buyer-supplier relationships rather than internal alignment of perceptions within a firm.",DeepSeek-V3.2
USING INFLUENCE STRATEGIES TO ADVANCE SUPPLIER DELIVERY FLEXIBILITY: THE MODERAT,In a buyer-supplier relationship where the manufacturer has a high level of trust in the supplier.,Using a promise strategy (offering specific rewards for compliance).,leads to increased supplier delivery flexibility.,1,FP,The extracted CIMO contradicts the paper's finding that promise strategy depresses supplier delivery flexibility under high trust.,DeepSeek-V3.2
USING INFLUENCE STRATEGIES TO ADVANCE SUPPLIER DELIVERY FLEXIBILITY: THE MODERAT,In a buyer-supplier relationship where the manufacturer has a high level of trust in the supplier.,Using a recommendation strategy (stressing that compliance will make the supplier more profitable).,decreases supplier delivery flexibility.,1,FP,"The extracted CIMO contradicts the paper's findings which state that recommendation strategy increases supplier delivery flexibility under high shared vision, not decreases it.",DeepSeek-V3.2
USING INFLUENCE STRATEGIES TO ADVANCE SUPPLIER DELIVERY FLEXIBILITY: THE MODERAT,In a buyer-supplier relationship where the manufacturer has a high level of trust in the supplier.,Using an information exchange strategy (supplying general business issues to alter the supplier's perspective).,decreases supplier delivery flexibility.,1,FP,"The extracted CIMO contradicts the paper's findings which state that information exchange strategy has a negative effect on delivery flexibility when trust is high, not that it decreases supplier delivery flexibility in general.",DeepSeek-V3.2
''BLACK-BOX'' AND ''GRAY-BOX'' SUPPLIER INTEGRATION IN PRODUCT DEVELOPMENT: ANTE,In buyer-supplier relationships with high asset specificity and behavioral uncertainty,embedding with suppliers,leads to supply base rationalization,1,FP,"The extracted CIMO's context (buyer-supplier relationships with high asset specificity and behavioral uncertainty) is not mentioned in the paper, and the intervention (embedding with suppliers) is presented as an antecedent rather than a direct intervention leading to the outcome.",LLama3.3-70B
A COMPARATIVE LONGITUDINAL ANALYSIS OF THEORETICAL PERSPECTIVES OF INTERORGANIZA,In interorganizational relationships,engaging in opportunistic behaviors,negatively affects interfirm performance,1,FP,"The extracted CIMO contradicts the paper's findings which show that commitment-trust and relationship-specific investments improve performance, not opportunistic behaviors.",LLama3.3-70B
A SUPPLIER DEVELOPMENT PROGRAM: RATIONAL PROCESS OR INSTITUTIONAL IMAGE CONSTRUC,In the context of high supplier dependence on the customer,Conducting supplier development workshops,Results in the recording of solutions to problems that the workshop was not responsible for,1,FP,The outcome 'results in the recording of solutions to problems that the workshop was not responsible for' is not supported by the paper excerpt.,LLama3.3-70B
A SUPPLIER DEVELOPMENT PROGRAM: RATIONAL PROCESS OR INSTITUTIONAL IMAGE CONSTRUC,In the context of supplier evaluation and selection,Using a proprietary manufacturing effectiveness index (MEI) to evaluate suppliers,Leads to improved supplier performance,1,FP,"The extracted CIMO is not supported by the paper excerpt, which focuses on supplier development programs and institutional theory, not on using a proprietary manufacturing effectiveness index (MEI) to evaluate suppliers.",LLama3.3-70B
A SUPPLIER DEVELOPMENT PROGRAM: RATIONAL PROCESS OR INSTITUTIONAL IMAGE CONSTRUC,In the context of institutionalized practices in supply chain management,Maintaining an image of successfully developing suppliers,Results in the final reported effect of the workshops being better than predicted,1,FP,"The extracted CIMO's intervention is not a clear management action but rather a condition or image maintenance, and the outcome is not explicitly supported by the paper excerpt.",LLama3.3-70B
A TALE OF TWO PARTNERSHIPS: SOCIALIZATION IN THE DEVELOPMENT OF BUYER–SUPPLIER R,In IT services industry with frequent personnel changes and required IT modifications,establishing a business balanced scorecard and joint account management sessions,contributes to more open and adequate communication,1,FP,"The extracted CIMO is not supported by the paper excerpt, which focuses on socialization tactics in buyer-supplier relationships, not business balanced scorecards or joint account management sessions.",LLama3.3-70B
ADAPTIVE BEHAVIOR IN BUYER–SUPPLIER RELATIONSHIPS,High asset specificity and behavioral uncertainty,Implementing partnership sourcing strategies,Leads to enhanced performance,1,FP,"The extracted CIMO's context (high asset specificity and behavioral uncertainty) is not mentioned in the paper excerpt, and the intervention (implementing partnership sourcing strategies) is discussed but not directly linked to the outcome (enhanced performance) as stated in the reference CIMO.",LLama3.3-70B
ADAPTIVE BEHAVIOR IN BUYER–SUPPLIER RELATIONSHIPS,Low trust and high antagonism in buyer-supplier relationships,Withholding important cost information,Prevents adaptations from taking place,1,FP,"The extracted CIMO is not supported by the paper excerpt, which focuses on adaptive behavior in buyer-supplier relationships and its relationship with trust and commitment, not on withholding information preventing adaptations.",LLama3.3-70B
ADAPTIVE BEHAVIOR IN BUYER–SUPPLIER RELATIONSHIPS,Asymmetric power balance in buyer-supplier relationships,Coercing suppliers into adaptations,Suppliers become substantially adapted to the buyer's needs,1,FP,"The intervention 'Coercing suppliers into adaptations' is not supported by the paper excerpt, which discusses adaptive behavior in buyer-supplier relationships without mentioning coercion.",LLama3.3-70B
"ALLIANCE CAPABILITY, STOCK MARKET RESPONSE, AND LONG-TERM ALLIANCE SUCCESS: THE ",In the context of firms with multiple alliances,Establishing a dedicated alliance function,Increases the likelihood of setting up a dedicated alliance function and achieving higher alliance success,1,FP,The extracted CIMO incorrectly states the outcome as 'increases the likelihood of setting up a dedicated alliance function' which is circular and contradicts the paper's findings that firms with the alliance function achieve greater success.,LLama3.3-70B
AN EXPLORATORY STUDY OF THE EFFECTS OF SUPPLIER RELATIONSHIPS ON NEW PRODUCT DEV,In buyer-supplier relationships with high asset specificity,implementing supplier quality control systems,reduces supplier obstructionism,1,FP,"The extracted CIMO is not supported by the paper excerpt, which focuses on supplier involvement in new product development, not supplier quality control systems in buyer-supplier relationships with high asset specificity.",LLama3.3-70B
AN EXPLORATORY STUDY OF THE EFFECTS OF SUPPLIER RELATIONSHIPS ON NEW PRODUCT DEV,In the context of supplier partnerships,establishing long-term relationships with suppliers,leads to better product quality and reduced costs,1,FP,"The extracted CIMO mentions 'supplier partnerships' and 'long-term relationships' which are not the focus of the paper, which is about 'supplier involvement' in new product development.",LLama3.3-70B
ARCS OF INTEGRATION: AN INTERNATIONAL STUDY OF SUPPLY CHAIN STRATEGIES,Inward-facing supply chain strategy,Failing to integrate with suppliers and customers,hurts performance,1,FP,The extracted CIMO incorrectly frames the intervention as 'failing to integrate' rather than 'integrating with suppliers and customers' as supported by the paper.,LLama3.3-70B
ARCS OF INTEGRATION: AN INTERNATIONAL STUDY OF SUPPLY CHAIN STRATEGIES,Supplier- and customer-facing supply chain strategies,Focusing on only one side of the supply chain,has fewer advantages over inward-facing strategy,1,FP,"The extracted CIMO contradicts the paper's findings which show that integrating with both suppliers and customers has the strongest association with performance improvement, not focusing on only one side.",LLama3.3-70B
ARCS OF INTEGRATION: AN INTERNATIONAL STUDY OF SUPPLY CHAIN STRATEGIES,Emergence of new technologies such as the Internet,Utilizing internet-based supply chain management tools,enhances competitiveness,1,FP,The extracted CIMO mentions internet-based tools which are not discussed in the paper excerpt.,LLama3.3-70B
BRIDGING TIES: A SOURCE OF FIRM HETEROGENEITY IN COMPETITIVE CAPABILITIES,In industries with low switching costs and lack of customer loyalty,Engaging in competitive scanning,Improves firm competitiveness,1,FP,"The extracted CIMO is not supported by the paper excerpt, which focuses on bridging ties and network resources in geographical clusters, not competitive scanning in industries with low switching costs.",LLama3.3-70B
BUILDING CAPABILITIES TO MANAGE STRATEGIC ALLIANCES,In the context of top management team support,Providing financial incentives for alliance management,Fully mediates the effect on alliance performance,1,FP,"The extracted CIMO is not supported by the paper excerpt as it mentions financial incentives for alliance management, which is not discussed in the paper.",LLama3.3-70B
BUYER DEPENDENCY AND RELATIONAL CAPITAL FORMATION: THE MEDIATING EFFECTS OF SOCI,When buyers are less dependent on suppliers,restricting the application of power in relationships,leads to improved relational capital,1,FP,"The extracted CIMO contradicts the paper's findings, which show that buyer dependency leads to socialization processes to generate relational capital, not restricting power.",LLama3.3-70B
CO-EVOLUTION OF TRUST AND DEPENDENCE IN CUSTOMER–SUPPLIER RELATIONSHIPS,When a customer decreases its purchases from a supplier,reducing the level of interfirm trust and dependence,attenuates the supplier's trust to the customer,1,FP,"The extracted CIMO contradicts the paper's focus on how trust and dependence co-evolve positively in relationships, not how reducing trust attenuates it.",LLama3.3-70B
CREATING MAJOR INNOVATIONS WITH CUSTOMERS: INSIGHTS FROM SMALL AND YOUNG TECHNOL,In the context of new product development for major innovations,generating customer-based funding through early sales,increases the likelihood of successful major innovation,1,FP,The intervention 'generating customer-based funding through early sales' is not mentioned or supported in the paper excerpt.,LLama3.3-70B
DECOMPOSING INFLUENCE STRATEGIES: ARGUMENT STRUCTURE AND DEPENDENCE AS DETERMINA,In channel relationships with high dependence,using Threats influence strategy,increases compliance,1,FP,"The extracted CIMO incorrectly identifies 'Threats influence strategy' as the intervention, while the paper states that coercive strategies like Threats are only effective when target dependence is high, not as a general strategy.",LLama3.3-70B
DO FORMAL CONTRACTS AND RELATIONAL GOVERNANCE FUNCTION AS SUBSTITUTES OR COMPLEM,Presence of relational governance,Creating complex contracts,Enhances relational governance,2,FP,"The extracted CIMO incorrectly suggests creating complex contracts enhances relational governance, while the paper argues they function as complements, not that one enhances the other.",LLama3.3-70B
DOES ADAPTATION PAY OFF?,In a buyer-supplier relationship with high asset specificity,investing in relationship-specific assets,leads to increased dependence on the buyer,1,FP,"The extracted CIMO is not supported by the paper excerpt, which focuses on adaptation in buyer-supplier relationships and its effects on quality and market position, not on asset specificity and dependence.",LLama3.3-70B
DOES ADAPTATION PAY OFF?,In a supply network with multiple suppliers and a focal buyer,establishing a common calibration laboratory,saves time and money for all parties involved,1,FP,"The extracted CIMO is not supported by the paper excerpt, which focuses on adaptation in buyer-supplier relationships rather than establishing calibration laboratories.",LLama3.3-70B
DOES ADAPTATION PAY OFF?,When a buyer expresses a wish for suppliers to calibrate their measuring equipment,collectively adapting to the buyer's wishes,decreases the suppliers' dependence on the buyer,1,FP,"The extracted CIMO contradicts the paper, which states that adaptation can increase dependence on the buyer, not decrease it.",LLama3.3-70B
DOES ADAPTATION PAY OFF?,When suppliers have limited resources and face high quality demands,cooperating with other suppliers to establish a calibration laboratory,enables the suppliers to improve their quality and reduce costs,1,FP,"The extracted CIMO is not supported by the paper excerpt, which focuses on adaptation in buyer-supplier relationships rather than supplier cooperation to establish calibration laboratories.",LLama3.3-70B
EXERCISED POWER AS A DRIVER OF TRUST AND COMMITMENT IN CROSS-BORDER INDUSTRIAL B,In international business relationships,managing conflict effectively,enhances trust and commitment,1,FP,The extracted CIMO is not supported by the paper excerpt as it misrepresents the relationship between conflict and trust/commitment.,LLama3.3-70B
EXERCISED POWER AS A DRIVER OF TRUST AND COMMITMENT IN CROSS-BORDER INDUSTRIAL B,In cross-border industrial buyer–seller relationships,fostering satisfaction,leads to increased trust and commitment,1,FP,"The intervention 'fostering satisfaction' is not supported as a direct action in the paper; instead, satisfaction is presented as an outcome of non-coercive power, not an intervention.",LLama3.3-70B
EXERCISED POWER AS A DRIVER OF TRUST AND COMMITMENT IN CROSS-BORDER INDUSTRIAL B,In international business relationships,building trust,leads to increased commitment and loyalty,1,FP,"The extracted CIMO is not supported by the paper excerpt, which focuses on power sources (coercive and non-coercive) affecting trust and commitment through conflict and mediation, not on building trust directly leading to commitment and loyalty.",LLama3.3-70B
EXPERIENCE EFFECTS AND COLLABORATIVE RETURNS IN R&D ALLIANCES,In the context of R&D alliances with multiple partners and complex activities,Employing a piecewise approach to measure the effect of prior experience,"Reveals that the existence, rather than extent, of prior experience affects collaborative benefits",1,FP,"The extracted CIMO introduces a 'piecewise approach' not mentioned in the paper, and the outcome about 'existence rather than extent' contradicts the paper's finding of diminishing returns from extensive experience.",LLama3.3-70B
IN UNION LIES STRENGTH: COLLABORATIVE COMPETENCE IN NEW PRODUCT DEVELOPMENT AND ,In the context of product development projects,achieving superior project performance,leads to superior market performance,2,FP,"The intervention 'achieving superior project performance' is not a management action but rather an outcome itself, making it incoherent as an intervention.",LLama3.3-70B
"MAKE, BUY, OR ALLY: A TRANSACTION COST THEORY META-ANALYSIS",In buyer-supplier relationships with high volume uncertainty,adopting hierarchical governance,increases the likelihood of hierarchical governance,2,FP,The outcome 'increases the likelihood of hierarchical governance' is circular and contradicts the paper's findings that hierarchical governance is chosen as a response to transaction conditions.,LLama3.3-70B
MANAGING THE BUYER-SUPPLIER INTERFACE FOR ON-TIME PERFORMANCE IN PRODUCT DEVELOP,In product development projects with frequent changes,using face-to-face communication with suppliers,facilitates coordination of activities and reduces delays,1,FP,"The extracted CIMO mentions 'face-to-face communication with suppliers' which is not supported by the paper, as the study found that 'greater buyer-supplier communication' benefits were not confirmed.",LLama3.3-70B
MANAGING THE BUYER-SUPPLIER INTERFACE FOR ON-TIME PERFORMANCE IN PRODUCT DEVELOP,In the context of supplier-related delays,increasing the frequency of phone calls with suppliers,decreases the percentage of supplier's activities completed on time,1,FP,"The extracted CIMO is not supported by the paper excerpt, which found that increasing communication with suppliers did not reduce delays.",LLama3.3-70B
OUTSOURCING AS SEEN FROM THE PERSPECTIVE OF KNOWLEDGE MANAGEMENT,In the context of high asset specificity and behavioral uncertainty,choosing hierarchical governance,leads to enhanced performance,1,FP,"The extracted CIMO is not supported by the paper excerpt, which focuses on knowledge management in outsourcing rather than hierarchical governance.",LLama3.3-70B
OUTSOURCING AS SEEN FROM THE PERSPECTIVE OF KNOWLEDGE MANAGEMENT,In buyer-supplier relationships,involving suppliers in the NPD project,increases innovation,1,FP,"The extracted CIMO is not supported by the paper excerpt which focuses on outsourcing knowledge management, not supplier involvement in NPD projects.",LLama3.3-70B
OUTSOURCING AS SEEN FROM THE PERSPECTIVE OF KNOWLEDGE MANAGEMENT,When knowledge is tacit,performing potentially outsourceable activities in-house,reduces costs,1,FP,"The extracted CIMO is not supported by the paper excerpt, which focuses on knowledge characteristics affecting outsourcing benefits, not on performing activities in-house to reduce costs.",LLama3.3-70B
RELATION-SPECIFIC CAPABILITIES AND BARRIERS TO KNOWLEDGE TRANSFERS: CREATING ADV,In the automotive industry with complex production networks,implementing just-in-time delivery systems with suppliers,increases supplier productivity,1,FP,The intervention 'implementing just-in-time delivery systems' is not mentioned or supported in the paper excerpt.,LLama3.3-70B
RELATION-SPECIFIC CAPABILITIES AND BARRIERS TO KNOWLEDGE TRANSFERS: CREATING ADV,In situations with network constraints and process rigidities,adopting flexible manufacturing systems,enables suppliers to respond to changing customer demands,1,FP,"The extracted CIMO is not supported by the paper excerpt, which focuses on knowledge sharing and network resources, not flexible manufacturing systems.",LLama3.3-70B
RELATION-SPECIFIC CAPABILITIES AND BARRIERS TO KNOWLEDGE TRANSFERS: CREATING ADV,In the presence of causal ambiguity and lack of absorptive capacity,providing training and support to suppliers,improves knowledge transfer and replication,1,FP,"The extracted CIMO is not supported by the paper excerpt, which focuses on Toyota's knowledge sharing with suppliers as a source of competitive advantage, not on training and support to suppliers.",LLama3.3-70B
RELATIONSHIP MARKETING AND SUPPLIER LOGISTICS PERFORMANCE: AN EXTENSION OF THE K,In buyer-supplier relationships with high levels of supplier acquiescence,increasing supplier acquiescence,does not significantly impact supplier logistics performance,1,FP,"The intervention 'increasing supplier acquiescence' is not a management action but rather a condition being studied, and the paper examines the relationship between existing supplier acquiescence and performance, not an intervention to increase it.",LLama3.3-70B
STRATEGIC ALLIANCE SUCCESS FACTORS,In partnerships with unequal power distribution,fostering partner compatibility,improves cooperation and problem-solving ability,1,FP,"The extracted CIMO is not supported by the paper excerpt, which focuses on strategic alliance success factors rather than partnerships with unequal power distribution.",LLama3.3-70B
THE DETERMINANTS OF COMMITMENT IN THE DISTRIBUTOR–MANUFACTURER RELATIONSHIP,High-tech product market,Providing training and marketing assistance,Increases commitment and partnership performance,1,FP,"The extracted CIMO is not supported by the paper excerpt, which focuses on determinants of commitment in distributor-manufacturer relationships, not on training and marketing assistance as interventions.",LLama3.3-70B
THE EFFECTS OF PARTNER AND RELATIONSHIP CHARACTERISTICS ON ALLIANCE OUTCOMES,In the context of high asset specificity and behavioral uncertainty,choosing a partner with a good reputation,leads to enhanced performance,1,FP,"The extracted CIMO is not supported by the paper excerpt as it discusses reputation in alliances but doesn't mention high asset specificity, behavioral uncertainty, or choosing partners with good reputation leading to enhanced performance.",LLama3.3-70B
THE EFFECTS OF PARTNER AND RELATIONSHIP CHARACTERISTICS ON ALLIANCE OUTCOMES,In alliances with high levels of uncertainty,developing strategic similarities between partners,enhances alliance performance,1,FP,The extracted CIMO is not supported by the paper excerpt as it doesn't mention 'high levels of uncertainty' as a context or 'enhances alliance performance' as an outcome.,LLama3.3-70B
THE EFFECTS OF PARTNER AND RELATIONSHIP CHARACTERISTICS ON ALLIANCE OUTCOMES,In the context of interorganizational relationships,establishing a prior relationship with a partner,increases initial satisfaction,1,FP,The extracted CIMO is not supported by the paper excerpt as it discusses prior relationships in a different context than the extracted CIMO's focus on initial satisfaction.,LLama3.3-70B
THE PERILOUS EFFECTS OF CAPABILITY LOSS ON OUTSOURCING MANAGEMENT AND PERFORMANC,In buyer-supplier relationships with high switching costs,retaining key employees with critical skills,enhances outsourcing performance,1,FP,"The extracted CIMO introduces 'retaining key employees with critical skills' as an intervention, which is not mentioned or supported in the paper excerpt.",LLama3.3-70B
THE PERILOUS EFFECTS OF CAPABILITY LOSS ON OUTSOURCING MANAGEMENT AND PERFORMANC,In the presence of small numbers bargaining,maintaining internal operational capabilities,mitigates the risk of opportunistic behavior,1,FP,"The extracted CIMO's context 'small numbers bargaining' is not supported by the paper excerpt, which focuses on capability loss in outsourcing relationships.",LLama3.3-70B
THE RELATIONSHIP BETWEEN EDI AND SUPPLIER RELIABILITY,In buyer-supplier relationships with low trust and commitment,Sharing planned production and capacity information,enhances delivery performance,1,FP,"The extracted CIMO mentions 'sharing planned production and capacity information' as the intervention, but the paper focuses on EDI technology as the intervention, not just information sharing.",LLama3.3-70B
THE RELATIONSHIP BETWEEN EDI AND SUPPLIER RELIABILITY,In the presence of inaccurate demand forecasts and unstable production schedules,Sharing accurate and stable production schedules with suppliers,leads to better supplier performance and reliability,1,FP,"The extracted CIMO focuses on sharing production schedules, while the paper discusses EDI technology for purchase orders and information sharing, not production schedules.",LLama3.3-70B
TOWARDS AN UNDERSTANDING OF ATTRACTION IN BUYER–SUPPLIER RELATIONSHIPS,In buyer–supplier relationships,Institutionalizing relationships,affects internal perceptions of supply chain associates,2,FP,"The extracted CIMO's intervention 'Institutionalizing relationships' is not clearly supported as a management action in the paper excerpt, and the outcome 'affects internal perceptions of supply chain associates' is not explicitly mentioned or directly related to the paper's focus on attraction in buyer-supplier relationships.",LLama3.3-70B
TOWARDS AN UNDERSTANDING OF ATTRACTION IN BUYER–SUPPLIER RELATIONSHIPS,In buyer–supplier relationships with high asset specificity,Reducing switching costs,increases attraction,2,FP,"The extracted CIMO's intervention 'reducing switching costs' is not explicitly supported as a management action in the paper excerpt, and the relationship between context, intervention, and outcome is not clearly established in the text.",LLama3.3-70B
"UNCERTAINTY, OPPORTUNISM, AND GOVERNANCE: THE EFFECTS OF VOLATILITY AND AMBIGUIT",Interorganizational relationships with high asset specificity,Choosing hierarchical governance,Enhances performance,2,FP,"The extracted CIMO is not supported by the paper excerpt, which focuses on comparing formal and relational contracts under different types of uncertainty, not hierarchical governance.",LLama3.3-70B
USING INFLUENCE STRATEGIES TO ADVANCE SUPPLIER DELIVERY FLEXIBILITY: THE MODERAT,High trust in suppliers,Using promise strategy,Enhances supplier delivery flexibility,1,FP,"The extracted CIMO contradicts the paper's findings, which state that promise strategy depresses supplier delivery flexibility under high shared vision, not enhances it.",LLama3.3-70B
USING INFLUENCE STRATEGIES TO ADVANCE SUPPLIER DELIVERY FLEXIBILITY: THE MODERAT,High trust in suppliers,Using information exchange strategy,Decreases supplier delivery flexibility,1,FP,"The extracted CIMO incorrectly states that information exchange decreases supplier delivery flexibility, while the paper shows it has a negative effect only under high trust, not in general.",LLama3.3-70B
WHEN DOES TRUST MATTER TO ALLIANCE PERFORMANCE?,High environmental uncertainty,Relying on trust in alliances,Decreases alliance performance,1,FP,"The extracted CIMO incorrectly states that trust decreases alliance performance under environmental uncertainty, while the paper actually shows that trust has a weaker positive effect under environmental uncertainty, not a negative effect.",LLama3.3-70B
"""BLACK-BOX"" AND ""GRAY-BOX"" SUPPLIER INTEGRATION IN PRODUCT DEVELOPMENT: ANTECEDE",We also assess the moderating role that firm size may play in the relationships we posit.,Our research framework relies primarily on the social network perspective (SNP) and using a sample of 157 firms we found support for many of the posited hypotheses.,"In order to enhance their product innovation capabilities and subsequently quality, many firms rely on their suppliers for product development contributions (Petersen et al., 2005; Tan, 2001).",1,FP,The extracted CIMO mixes research methodology with the actual C-I-O relationship being studied.,Rule-based
A BUYER'S PERSPECTIVE ON COLLABORATIVE VERSUS TRANSACTIONAL RELATIONSHIPS,"(2006) found that firms engaged in collaborative relationships achieved improved visibility, higher service levels, greater end-customer satisfaction, increased flexibility, and reduced cycle times.","Information sharing

While communication focuses more on the extent to which each party in the relationship is involved in joint participation through communication efforts, information sharing focuses more on the level of information that is actually communicated or shared.","When performance improves, satisfaction with the relationship is likely to increase (e.g., economic benefits lead to economic-based satisfaction).",1,FP,"The extracted CIMO's intervention (Information sharing) is not clearly supported as a management action in the paper, and the outcome contradicts the paper's focus on satisfaction with relationship and performance rather than satisfaction increasing when performance improves.",Rule-based
A BUYER'S PERSPECTIVE ON COLLABORATIVE VERSUS TRANSACTIONAL RELATIONSHIPS,Satisfaction will be higher in collaborative relationships than in transactional relationships.,"Kwon and Suh (2004) note that information sharing reduces uncertainty, thereby improving the level of trust between supply chain partners.","Kwon and Suh (2004) note that information sharing reduces uncertainty, thereby improving the level of trust between supply chain partners.",1,FP,"The extracted CIMO incorrectly uses information sharing as the intervention and trust as the outcome, while the paper focuses on comparing collaborative vs transactional relationships with satisfaction and performance as outcomes.",Rule-based
A COMPARATIVE LONGITUDINAL ANALYSIS OF THEORETICAL PERSPECTIVES OF INTERORGANIZA,"Because RSIs represent sunk, unredeployable assets in an exchange relationship, parties' RSIs reduce their motivation to behave opportunistically and the credibility of switching threats, which in turn minimizes the partner's need (and costs) to monitor performance or safeguard assets.","Using four years of longitudinal data $(N = 396)$ , the authors compare the relative efficacy of these four perspectives for driving exchange performance and provide empirical insights into the causal ordering among key interorganizational constructs.","2006), but because of higher levels of cooperation and reduced conflict, they can also improve innovation, expand markets, and reduce costs (Cannon and Homburg 2001; Rindfleisch and Moorman 2001).",1,FP,The extracted CIMO does not match any reference CIMO and contains elements not supported by the paper excerpt.,Rule-based
A COMPARATIVE LONGITUDINAL ANALYSIS OF THEORETICAL PERSPECTIVES OF INTERORGANIZA,"Second, in contrast to classical legal theory, which assumes that all transactions are discrete events, Macneil (1980) argues that transactions are immersed in the relationships that surround them, which may be described in terms of the relational norms of the exchange partners.","Using research from social psychology, sociology, and anthropology, social exchange theory provides a foundation for two prevalent marketing perspectives (Blau 1964; Cook and Emerson 1978).","Researchers agree that opportunism has a negative impact on interfirm performance because it significantly increases the ex post costs associated with monitoring performance and safeguarding investments (Gassenheimer, Davis, and Dahlstrom 1998; Heide and John 1990).",1,FP,The extracted CIMO does not match the reference CIMO and contains elements not supported by the paper excerpt.,Rule-based
A COMPARATIVE LONGITUDINAL ANALYSIS OF THEORETICAL PERSPECTIVES OF INTERORGANIZA,"In other words, relationalism plays a significant role in structuring economically efficient exchange relationships under conditions of uncertainty and ambiguity and therefore should lead to improved financial performance (Heide and John 1992).","Consistent with their relationship marketing focus, they argue that commitment is the critical precursor to improving financial performance, and commitment and trust are both important for building strong relationships.","In other words, relationalism plays a significant role in structuring economically efficient exchange relationships under conditions of uncertainty and ambiguity and therefore should lead to improved financial performance (Heide and John 1992).",1,FP,"The extracted CIMO incorrectly repeats the context as the outcome, and the intervention is not clearly supported by the paper excerpt.",Rule-based
A CONTINGENT THEORY OF SUPPLIER MANAGEMENT INITIATIVES: EFFECTS OF COMPETITIVE I,"Such a nuanced understanding of collaborative supplier management strategies provides clarity on the applicability and limitations of organization theoretic frameworks (e.g., TCE and RBV) in inter-organizational contexts.",Gatignon and Xuereb (1997) assessed competitive intensity using two items: (a) similarity across products and (b) extent of price competition.,,1,FP,The extracted CIMO is missing the Outcome dimension and the Intervention is not a management action but rather a research methodology description.,Rule-based
A HOLISTIC APPROACH TO NEW PRODUCT DEVELOPMENT: NEW INSIGHTS,"This technique has been found to be effective in reducing supply chain costs while simultaneously improving customer service, and it is blurring the distinction between manufacturing/assembly and outbound logistics.",,"They can also contribute to makeor-buy decisions as well as propose design alterations that reduce material, inventory holding, transportation and production costs; improve product quality; reduce time-to-market; and facilitate disassembly and recycling (Carter and Carter 1998; Dowlatshahi 1998).",2,FP,The extracted CIMO has no intervention specified and the context and outcome don't match any reference CIMOs.,Rule-based
A TALE OF TWO PARTNERSHIPS: SOCIALIZATION IN THE DEVELOPMENT OF BUYER-SUPPLIER R,"# A TALE OF TWO PARTNERSHIPS: SOCIALIZATION IN THE DEVELOPMENT OF BUYER–SUPPLIER RELATIONSHIPS

MARK VAN DE VIJVER, BART VOS AND HENK AKKERMANS Tilburg University

We contribute to the emerging literature on the role of socialization in developing buyer–supplier relationships.","# A TALE OF TWO PARTNERSHIPS: SOCIALIZATION IN THE DEVELOPMENT OF BUYER–SUPPLIER RELATIONSHIPS

MARK VAN DE VIJVER, BART VOS AND HENK AKKERMANS Tilburg University

We contribute to the emerging literature on the role of socialization in developing buyer–supplier relationships.","Second, when a relationship is in a declining lifecycle phase, especially when one of the parties has strong doubts about the value of continued collaboration, socialization efforts may not contribute to improved communication performance.",1,FP,"The extracted CIMO incorrectly uses the entire paper title as both Context and Intervention, which is not a valid representation of the paper's content.",Rule-based
A TALE OF TWO PARTNERSHIPS: SOCIALIZATION IN THE DEVELOPMENT OF BUYER-SUPPLIER R,"Our results show that, contrary to what has been suggested by other studies, socialization in buyer–supplier relationships does not invariably have a positive impact on communication quality.","Keywords: partnering; supplier management (relations); case studies; qualitative data analysis; socialization; communication; buyer–supplier relationships

# INTRODUCTION

Companies are increasingly developing collaborative relationships.","The mechanisms of socialization also enable organizations to develop relation-specific assets and, in addition, also enhance communication performance (Cousins and Menguc 2006).",1,FP,"The extracted CIMO incorrectly states that socialization does not have a positive impact on communication quality, while the paper actually presents both positive and negative effects depending on context.",Rule-based
ADAPTING WITHIN RELATIONSHIPS TO ADAPT TO MARKET-LED CHANGE: DOES RELATIONSHIP S,"Recent research on the appropriateness of relationships identifies two possible approaches—exit current relationships and seek out new more appropriate relationships, or invest further in current relationships (Achrol & Etzel, 2003; Heide & John, 1990; Stump & Heide, 1996).",They found that in mature markets (characterised by low munificence) integration goals (building coordinated relationships) were unrelated to performance.,,2,FP,"The extracted CIMO is incomplete as it lacks an outcome dimension, and the intervention is not clearly supported by the paper excerpt as a management action.",Rule-based
"ALLIANCE CAPABILITY, STOCK MARKET RESPONSE, AND LONG-TERM ALLIANCE SUCCESS: THE ","Previous research on alliances suggests that perhaps the most important factor in alliance success is previous alliance experience (Anand and Khanna, 2000).","In the area of alliances, Hewlett-Packard, Corning, and Coca-Cola have been described as firms that have been successful at developing and managing alliances (Alliance Analyst, 1996; Harbison and Pekar, 1998; Kale and Singh, 1999).",Their research shows that having such a mechanism (‘heavyweight teams’) leads to a significant reduction in the time and cost associated with developing new product designs.,1,FP,The extracted CIMO contains an outcome about 'heavyweight teams' that is not mentioned in the paper excerpt.,Rule-based
AN EMPIRICAL STUDY OF THE IMPACT OF E-BUSINESS TECHNOLOGIES ON ORGANIZATIONAL CO,"The result are products that are delivered quickly and reliably when and where they are needed, high responsiveness to short lead times, the elimination of the bullwhip effect, and improved firm performance (Lee et al., 1997).","We propose and test a model of the relationship between organizational use of e-business technologies, organizational collaboration, and performance, using empirical data.","Organizational collaboration and information sharing, in turn, are expected to improve organizational performance.",1,FP,"The extracted CIMO does not match the reference CIMO on Context, Intervention, and Outcome dimensions.",Rule-based
AN EMPIRICAL STUDY OF THE IMPACT OF E-BUSINESS TECHNOLOGIES ON ORGANIZATIONAL CO,"IT has been shown to decrease transaction costs, comprised of coordination costs, that include direct costs of integrated decisions (Nooteboom, 1992), and transaction risk, which is the risk of being exploited in the relationship (Clemons and Row, 1992; Clemons et al., 1993).",Today almost all organizations are in the process of adopting some type of e-business technology to streamline SCM activities.,"Research consistently supports the idea that integration between firms improves firm performance (Stevens, 1989; Lee et al., 1997; Metters, 1997; Narasimhan and Jayaram, 1998; Lummus et al., 1998; Anderson and Katz, 1998; Hines et al., 1998; Johnson, 1999; Frohlich and Westbrook, 2001).",1,FP,"The extracted CIMO's context focuses on IT decreasing transaction costs, which is not mentioned in the paper excerpt, and the outcome about integration improving firm performance is too general and not specific to the paper's findings on e-business technologies and collaboration.",Rule-based
AN EXPLORATORY STUDY OF THE EFFECTS OF SUPPLIER RELATIONSHIPS ON NEW PRODUCT DEV,"Not only is there (in Japan) a longer term relationship, but the quality of the relationship is more one of partnership .",This model is tested using secondary survey data.,Swink (1999) found a clearly positive effect of supplier influence on new product manufacturability (NPM).,1,FP,"The extracted CIMO's context mentions Japan and partnership relationships, which are not supported by the paper excerpt, and the intervention is about testing a model rather than supplier involvement in NPD.",Rule-based
AN EXPLORATORY STUDY OF THE EFFECTS OF SUPPLIER RELATIONSHIPS ON NEW PRODUCT DEV,"One indicator of the implementation of quality practices in the buyer–supplier relationship is the extent to which suppliers provide quality control information to their customers (Flynn et al., 1994).","Using secondary survey data from an NSF-sponsored research project (Flynn et al., 1999, 2000) for the US electronics industry, we empirically observe how supplier relationship variables are interrelated and under what conditions suppliers help or hinder product development projects.",We can interpret those results as the negative moderating effect of project innovativeness on the relationship between supplier capabilities and the level of supplier involvement in the NPD project.,1,FP,"The extracted CIMO does not match the reference CIMO on Context, Intervention, or Outcome dimensions.",Rule-based
AN EXPLORATORY STUDY OF THE EFFECTS OF SUPPLIER RELATIONSHIPS ON NEW PRODUCT DEV,"Song and Parry (1999) found that technical synergy leads to less technical proficiency under circumstances of high product innovativeness, and technical proficiency leads to less product competitive advantage when product innovativeness is high.",on the technical difficulty of the project indicates that involving current suppliers with a good quality control history is more beneficial in incremental than in breakthrough projects.,"Eisenhardt and Tabrizi (1995), studying computer companies in the US, Europe and Asia, found a negative interaction effect between early supplier involvement and predictability of the project design.",1,FP,The extracted CIMO contains elements from multiple studies and does not match the reference CIMO on any dimension.,Rule-based
ARCS OF INTEGRATION: AN INTERNATIONAL STUDY OF SUPPLY CHAIN STRATEGIES,The most successful manufacturers seem to be those that have carefully linked their internal processes to external suppliers and customers in unique supply chains.,Factor scores were saved from the principal component analysis for supplier and customer integration using the regression method.,"Similarly, we know little about the connections between supplier and customer integration and improved operations performance.",1,FP,"The intervention is not a management action but a statistical method (factor scores from PCA), which contradicts the paper's focus on supply chain integration strategies.",Rule-based
ARCS OF INTEGRATION: AN INTERNATIONAL STUDY OF SUPPLY CHAIN STRATEGIES,Integration in the supply chain.,Factor scores are the weighted averages of values on all the original variables using factor loadings as weightings.,Which types of integration lead to the greatest overall performance improvements?,1,FP,The intervention is not a management action but a statistical method (factor scores calculation).,Rule-based
BRIDGING TIES: A SOURCE OF FIRM HETEROGENEITY IN COMPETITIVE CAPABILITIES,In this paper we propose that a firm's embeddedness in a network of ties is an important source of variation in the acquisition of competitive capabilities.,Data were gathered using a mailed questionnaire.,"More recently, Best notes that geographical clusters have

the institutional capacity to continuously learn, adjust, and improve in economic performance.",1,FP,"The intervention is a data collection method, not a management action.",Rule-based
BUILDING CAPABILITIES TO MANAGE STRATEGIC ALLIANCES,We find that the commitment of the top management team is the most critical factor in explaining success with alliances.,Our research model will be tested on a sample of 189 Belgian companies using PLS.,"These learning mechanisms help the firm develop a superior knowledge on how alliances should be handled, which lead to a significantly better alliance outcome (e.g., Draulans et al., 2003; Heimeriks & Duysters, 2007; Ritter & Gemünden, 2004; Schreiner et al., 2009).",1,FP,"The extracted CIMO mixes research methodology (intervention) with findings (context and outcome), creating an incoherent C-I-O relationship.",Rule-based
BUILDING CAPABILITIES TO MANAGE STRATEGIC ALLIANCES,"These days firms are simultaneously engaged in multiple and diverse alliances with different partners (Wassmer, 2010).","By carefully learning how alliances should be handled, firms become more adept at it, developing an increased alliance capability.","Alliance management

The importance of having an alliance manager in place to increase the alliance performance has been introduced by Spekman, Isabella, MacAvoy, and Forbes (1996).",1,FP,"The intervention is not a clear management action but rather a description of a capability development process, and the outcome is too vague and not explicitly supported by the paper excerpt.",Rule-based
BUILDING CAPABILITIES TO MANAGE STRATEGIC ALLIANCES,"This study can be situated at this level, but it should be clear that an improvement of alliance capability helps in improving level 4 network management as well.","Therefore, we argue that firms with a higher level of alliance experience have developed more elaborate articulation, codification, sharing and internalization knowledge mechanisms which increase their alliance capability.","All four of the mentioned learning processes which lead to the development of alliance capability are quite costly (time and money-wise) to develop, execute and constantly improve.",1,FP,"The extracted CIMO's outcome focuses on the cost of learning processes, not alliance capability as in the reference.",Rule-based
BUYER DEPENDENCY AND RELATIONAL CAPITAL FORMATION: THE MEDIATING EFFECTS OF SOCI,"Where one party exploits their power in the supply chain, suboptimal outcomes may occur; while withholding potential power is often likely to provide benefit to both parties (Maloni and Benton 2000).","Using empirical data collected from 111 UK purchasing executives, a structural equation model is used to test the theoretical framework.",Higher levels of socialization between team members facilitates the identification of innovative ways to reduce the supply chain cost of the products.,1,FP,"The extracted CIMO contains elements not supported by the paper excerpt, particularly the outcome about socialization facilitating identification of innovative ways to reduce supply chain costs.",Rule-based
BUYER DEPENDENCY AND RELATIONAL CAPITAL FORMATION: THE MEDIATING EFFECTS OF SOCI,"The dynamics of these processes is explored in light of differentiated positions of relative power (dependence) in the relationship, and the associated outcomes.","Data analysis procedures, using structural equation modeling, are provided in the next section.",This sharing leads to better solutions to the cost reduction problem.,1,FP,"The extracted CIMO's intervention is not a management action but rather a data analysis procedure, and the outcome is not supported by the paper's content.",Rule-based
BUYER DEPENDENCY AND RELATIONAL CAPITAL FORMATION: THE MEDIATING EFFECTS OF SOCI,"In the interorganizational relationship literature, power is an acknowledged but not often discussed parameter within the context of mutual relationship norms (Cannon, Achrol and Gundlach 2000).","Adopting these strategies can change the relative bargaining power of the relationship and enable a firm to gain more favorable exchange terms, or at least, coerce others to do what they would not otherwise do (Pfeffer 1981).",I was part of the customer’s product development team working to reduce and meet the target cost objectives.,1,FP,"The extracted CIMO's outcome is about cost reduction in product development, which is not supported by the paper excerpt.",Rule-based
CO-EVOLUTION OF TRUST AND DEPENDENCE IN CUSTOMER-SUPPLIER RELATIONSHIPS,"Introduction

Trust and dependence are elementary qualities in customer– supplier relationships of networked organizations.",The structured interviews with the representatives of the suppliers were carried out using the questionnaire.,"Instead, the level of mutual transaction specific investments was evaluated using a 5-item Likert scale, as these enhance the valuable resources of the relationship and increase the switching costs of the supplier.",1,FP,"The extracted CIMO's intervention is not a management action but rather a research method (structured interviews), and the outcome describes an evaluation method rather than a relationship performance outcome.",Rule-based
COLLABORATIVE NEW PRODUCT DEVELOPMENT ENVIRONMENTS: IMPLICATIONS FOR SUPPLY CHAI,"Integration in the context of SCM is defined as ‘‘interaction and collaboration between departments and organizations to achieve shared supply chain goals’’ (Cooper and Tracey 2005, p.","# Hypothesis Development

Figure 2 displays the path model eventually tested via structural equation modeling (SEM) employing LISRELs (manufactured by Scientific Software International, Inc., Lincolnwood, Illinois).",A collaborative NPD environment is also expected to have a positive comprehensive impact on supplier involvement.,2,FP,The extracted CIMO has an incoherent intervention that is not a management action but rather a description of a figure and methodology.,Rule-based
COLLABORATIVE NEW PRODUCT DEVELOPMENT ENVIRONMENTS: IMPLICATIONS FOR SUPPLY CHAI,"Also, capturing the perceptions from a supplier and a customer engaged in a business relationship via a survey is feasible only to a point.","# METHODOLOGY

The utilization of composite measures and classical path analysis using LISRELs is appropriate for testing the statistical significance and strengths of a priori specified structural relations (Mentzer, Flint and Kent 1999).","First, if H1 proves true, then the Collaborative NPD Environment variable is anticipated to have a positive indirect effect on the Supplier Involvement variable via the Manufacturing Involvement variable.",2,FP,The extracted CIMO is not supported by the paper excerpt as it mixes methodology with theoretical concepts and doesn't form a coherent C-I-O relationship.,Rule-based
"COOPERATION AMONG COMPANIES, UNIVERSITIES AND LOCAL GOVERNMENT IN A SWEDISH CONT","In the following, we first discuss the theoretical basis of our study, which focuses on the ARA model and theories of strategising and cooperation in a network context.","Method

A cooperative initiative in the form of Processum Biorefinery Initiative AB, a company owned by 14 cooperating companies, was chosen for examination using a qualitative case study approach.","Cooperative R&D may offer a way for companies to reduce risks and compensate for a lack of internal resources (Okamuro, 2007), reduce the risk associated with market introductions, or achieve cost reductions or quality improvements (Belderbos, Carree, & Lokshin, 2004).",1,FP,"The extracted CIMO has an incoherent relationship between context, intervention, and outcome, with 'Method' as intervention not being a clear management action.",Rule-based
CREATING MAJOR INNOVATIONS WITH CUSTOMERS: INSIGHTS FROM SMALL AND YOUNG TECHNOL,,"By using empirical evidence to reason that the requisite capabilities are effectual in nature, we question recent conceptual and anecdotal arguments that call for an adaptive approach (Day 2011).",,1,FP,"The extracted CIMO is missing a context and outcome, and the intervention is not a clear management action but rather a questioning of conceptual arguments.",Rule-based
CUSTOMER ORIENTATION FOR DECREASING TIME-TO-MARKET OF NEW PRODUCTS: IT IMPLEMENT,We assessed IT implementation by asking the respondents to indicate the presence of electronic transactions and communication in various forms between the supply chain partners as compared to industry average.,"Complementary assets

The most commonly reported objective of implementing customer orientation is to improve the efficiency of NPD (Sánchez & Pérez, 2003b), and a few empirical studies provide empirical evidence of such an effect.","Managing time may enable companies not only to reduce their costs but also to offer a broad

product range and upgrade the technology platform of their products.",2,FP,The extracted CIMO has incomplete and mismatched components compared to the reference and paper content.,Rule-based
CUSTOMER PARTICIPATION AND THE TRADE-OFF BETWEEN NEW PRODUCT INNOVATIVENESS AND ,Matched data collected from 143 customer–component manufacturer dyads indicate that CPI has a negative influence on innovativeness when downstream customer network connectivity is high but a positive effect when it is low.,Hypotheses are empirically tested using primary data collected from 142 matched original equipment manufacturer (OEM) customer–component manufacturer dyads.,"On the basis of these opposing arguments, we suggest the following nondirectional hypothesis:

$\mathrm { H _ { l a } }$ : Downstream customer network connectivity positively/ negatively moderates the effect of CPI on new product innovativeness.",1,FP,"The extracted CIMO describes the research methodology and hypothesis formulation rather than a complete CIMO with context, intervention, and outcome dimensions.",Rule-based
CUSTOMER PARTICIPATION AND THE TRADE-OFF BETWEEN NEW PRODUCT INNOVATIVENESS AND ,"In addition, CPC undermines new product speed to market when process interdependence is high.","Involving the OEM customer may prevent the development team from following existing development paths, which helps it discover novel linkages during the process.","Thus:

$\mathrm { H } _ { 2 \mathrm { a } }$ : Process interdependence positively moderates the effect of CPC on new product innovativeness.",1,FP,"The extracted CIMO's outcome is incomplete and doesn't match any reference CIMO, and the relationship between intervention and outcome is not clearly supported by the paper excerpt.",Rule-based
DECOMPOSING INFLUENCE STRATEGIES: ARGUMENT STRUCTURE AND DEPENDENCE AS DETERMINA,The model further predicts that coercive influence strategies (Promises and Threats) result in compliance only when target dependence levels are high.,"On the basis of a baseline eigenvalue of 1.0, we arrived at a six-factor solution using oblique rotation.",,1,FP,"The intervention is not a management action but a methodological approach (factor analysis), and the outcome is missing entirely.",Rule-based
DEVELOPMENT AND VALIDATION OF A MEASUREMENT INSTRUMENT FOR STUDYING SUPPLY CHAIN,(1998) found that more than half of the respondents to their survey considered that their organizations had not been successful in implementing supply chain partnering; Spekman et al.,Data for the study were collected from 196 organizations and the measurement scales were tested and validated using structural equation modeling.,"SCM has been defined1 to explicitly recognize the strategic nature of coordination between trading partners and to explain the dual purpose of SCM: to improve the performance of an individual organiza-

tion, and to improve the performance of the entire supply chain.",1,FP,The extracted CIMO does not match any reference CIMO and the intervention is not a management action but rather a research methodology.,Rule-based
DEVELOPMENT AND VALIDATION OF A MEASUREMENT INSTRUMENT FOR STUDYING SUPPLY CHAIN,"# Postponement

Postponement isdefined as thepractice of moving forward one or more operations oractivities (making,sourcingand delivering)to amuch later point in the supply chain.",(1998) found that more than half of the respondents to their survey considered that their organizations had not been successful in implementing supply chain partnering; Spekman et al.,"(2001) point out that the negative impact of the bullwhip effect on a supply chain can be reduced or eliminated by sharing

information with trading partners.",1,FP,The extracted CIMO contains mismatched elements from different parts of the paper and doesn't form a coherent C-I-O relationship.,Rule-based
DEVELOPMENT AND VALIDATION OF A MEASUREMENT INSTRUMENT FOR STUDYING SUPPLY CHAIN,"The growth of mass customization and personalized service is leading to an era in which relationship management with customers is becoming crucial for corporate survival (Wines, 1996).","Operational measures for the constructs are then developed and tested empirically, using data collected from respondents to a survey.","In addition, an organization can reduce supply chain cost by keeping undifferentiated inventories (Lee and Billington, 1995; Van Hoek et al., 1999).",1,FP,The extracted CIMO does not match any reference CIMO and the intervention is not a clear management action but rather a research methodology.,Rule-based
DO BRIDGING TIES COMPLEMENT STRONG TIES? AN EMPIRICAL EXAMINATION OF ALLIANCE AM,We theoretically develop the idea that—notwithstanding their tensions—strong ties complement bridging ties in enhancing alliance ambidexterity at the project level.,The motivations for forming such multifirm project alliances are therefore two-fold.,"Statistically, this represents a positive interaction effect.",3,FP,"The extracted CIMO has an incoherent relationship between intervention and outcome, and the intervention is not a clear management action but rather a statement about motivations.",Rule-based
DOES ADAPTATION PAY OFF ?,"However, adaptation is vital between a buyer and seller in order to make the relationship more productive.","Commitment shows the other party that the relationship is

worth investing in and therefore durable economic bonds may be created (Halle´n et al., 1991).",,1,FP,The extracted CIMO has an incomplete outcome and the intervention is not clearly defined as a management action.,Rule-based
DOES PERIPHERAL KNOWLEDGE COMPLEMENT CONTROL? AN EMPIRICAL TEST IN TECHNOLOGY OU,An underlying—and widely made—assertion that can potentially reconcile this contradiction is that ‘peripheral’ knowledge (specialized knowledge in the domain of outsourced activities) complements control in technology outsourcing alliances.,"E-mail: tiwana@iastate.edu

A related motivation for forming outsourcing alliances is to access specialized knowledge that is so removed from the outsourcer’s core activities that it might simply not exist in the outsourcing firm.","Therefore, higher peripheral knowledge in the outsourcing firm increases the effectiveness of outcome control in enhancing alliance performance, leading to the first hypothesis.",2,FP,"The intervention is an email address, not a management action.",Rule-based
"E-REVERSE AUCTIONS REVISITED: AN ANALYSIS OF CONTEXT, BUYER-SUPPLIER RELATIONS A","As illustrated in Table II, participants’ information behavior appears to be of particular importance in the context of e-RAs: the lack of high-quality information exchange and communication was found to be a major determinant of e-RA failure.","Many authors therefore assume, or at least raise the question, that e-RAs are detrimental to an effective building and management of buyer–supplier relationships (e.g., Jap 2003; Smeltzer and Carr 2003; Emiliani and Stec 2004).",2003) have identified the apparent negative effects of e-RAs on buyer–supplier relationships.,1,FP,The extracted CIMO does not match any reference CIMO and the intervention is not a clear management action but rather an assumption or question raised by authors.,Rule-based
"E-REVERSE AUCTIONS REVISITED: AN ANALYSIS OF CONTEXT, BUYER-SUPPLIER RELATIONS A","Table III displays the generic types of business information that can be differentiated, and that may be relevant in the context of e-RAs.",Whether or not they should be used for selecting a supplier depends on the general context of the sourcing situation.,"However, the questions of how and why e-RAs have seemingly negative effects on buyer–supplier relationships still remain unanswered.",1,FP,The extracted CIMO does not form a coherent C-I-O relationship as the intervention is not a clear management action but rather a conditional statement about when e-RAs should be used.,Rule-based
EFFECTS OF SUPPLIER TRUST ON PERFORMANCE OF COOPERATIVESUPPLIER RELATIONSHIPS,"A critical element in achieving supply chain effectiveness is establishing and nurturing trust across the organizational boundaries, particularly for relationships such as alliances between buyers and suppliers in a supply chain.","By using data drawn from both sides of the buyer–supplier relationship and the PLS modeling technique, we can test the predictive power of a path-analytic model that encompasses all of these groups of constructs simultaneously.","Early involvement of suppliers and customers in product design and process planning

enhances the opportunities for innovation (Bogdozan et al., 1998) while minimizing post-production problems (Cusumano and Takeishi, 1991).",2,FP,"The extracted CIMO's intervention (using data and PLS modeling) and outcome (early involvement in product design) are not supported by the paper excerpt, which focuses on trust, cooperative behaviors, and relationship performance.",Rule-based
EFFECTS OF SUPPLIER TRUST ON PERFORMANCE OF COOPERATIVESUPPLIER RELATIONSHIPS,This paper presents the results of an exploratory modeling of trust’s effects in buyer–supplier relationships.,"As a result, a supplier’s cooperative behavior may make the buyer more interested in developing and extending its relationship, regardless of the supplier’s current performance under the specific areas captured in the measure of performance.","Thus, cooperative arrangements lead to successful endeavors that build trust but most firms would not undertake these activities that build trust without a sufficient level of trust initially.",2,FP,"The extracted CIMO incorrectly frames the intervention as supplier's cooperative behavior affecting buyer's interest, while the paper focuses on trust leading to cooperative behaviors that affect performance.",Rule-based
EMPLOYING INFORMATION TECHNOLOGY IN PURCHASING: BUYER-SUPPLIER RELATIONSHIPS AND,"In response, buyers forego traditional arm-length exchanges and instead turn to alternative ways to structure purchasing arrangements, many of which can be devised in closer interfirm relationships [23].","# Employing Information Technology in Purchasing

# Buyer-Supplier Relationships and Size of the Supplier Base

Rodney L.","Such behavior may be motivated by the desire to enhance firms' competitiveness, improve financial performance, or positively impact functional areas such as purchasing, sales, and marketing [11-13].",1,FP,The intervention 'Employing Information Technology in Purchasing' is not clearly supported as a management action in the context of the extracted CIMO.,Rule-based
EMPLOYING INFORMATION TECHNOLOGY IN PURCHASING: BUYER-SUPPLIER RELATIONSHIPS AND,Such investments encourage suppliers to make reciprocal IT investments and adhere to more standardized procedures and transaction communication protocols in order to avail themselves to immediate cost savings in the focal relationship.,"This study examines whether these two phenomena are related by investigating what role, if any, IT investments used to support firms' purchasing functions play in building closer buyer-supplier relationships and whether these investments also impact the size of supplier bases being maintained.","IT investments provide an information infrastructure that generates positive externalities [19, 27]; not only can these investments reduce the costs of communicating and transacting, but they can also make internal databases available for sharing with vendors.",1,FP,"The extracted CIMO mixes description of the study with findings, creating an incoherent C-I-O relationship that doesn't match the reference.",Rule-based
EMPLOYING INFORMATION TECHNOLOGY IN PURCHASING: BUYER-SUPPLIER RELATIONSHIPS AND,"Even controlling for firms' quality emphasis, which serves as one impetus to invest in IT to support the purchasing function, IT does appear to play a role in developing closer relationships with suppliers, although in an indirect fashion.",P3: The percentage of purchasing transactions using IT will be positively influenced by the extent of IT investments by buyers.,"As a result, Wal-Mart has been able to reduce their order processing costs and in-store inventories, while its vendors have gained more timely access to detailed sales data—a win-win situation.",1,FP,"The extracted CIMO's intervention is not supported by the paper excerpt, which discusses IT investments in purchasing rather than the percentage of purchasing transactions using IT.",Rule-based
ENABLING RELATIONSHIP STRUCTURES AND RELATIONSHIP PERFORMANCE IMPROVEMENT: THE M,"In their seminal study, Morgan and Hunt (1994) analyze both antecedents and effects of trust and commitment, suggesting these two constructs as central mediating variables in business-relationships.","(2006) in their meta-analysis studied the factors that facilitate various relational outcomes, such as relationship loyalty, cooperation and seller performance, using trust, dependence, relationship investments and seller expertise (among others) as antecedent variables.","Relational capital, through information sharing, facilitates the effective deployment of invested resources and hence improves operational relationship performance.",1,FP,"The extracted CIMO mixes information from multiple studies (Morgan & Hunt 1994 and Palmatier et al. 2006) in the intervention, creating an incoherent relationship not supported by the paper.",Rule-based
ENABLING RELATIONSHIP STRUCTURES AND RELATIONSHIP PERFORMANCE IMPROVEMENT: THE M,(2006) meta-study demonstrates the lack of research on relationship structures in prior relationship marketing research.,"Relational capital

Using a social capital approach (Tsai & Ghoshal, 1998), this study uses relational capital as the focal construct vis-à-vis the main outcome construct of relationship performance improvement.","Claro, Hagelaar, and Omta (2003) provide evidence that both trust and relationship-specific investments improve joint planning, while trust positively impacts joint problem solving.",1,FP,The extracted CIMO is not supported by the paper excerpt as it lacks a coherent outcome dimension.,Rule-based
ENTERPRISE LOGISTICS AND SUPPLY CHAIN STRUCTURE: THE ROLE OF FIT,"In this paper, we explore the relationship between enterprise logistics practices and improved performance of the new extended global enterprise.","Using a configurations approach, we test whether globally dispersed network organizations that adopt enterprise logistics practices are able to achieve higher levels of organizational performance.","Using a configurations approach, we test whether globally dispersed network organizations that adopt enterprise logistics practices are able to achieve higher levels of organizational performance.",2,FP,"The extracted CIMO has identical Intervention and Outcome, which is redundant and not properly structured as a CIMO.",Rule-based
EXAMINING SUPPLY CHAIN RELATIONSHIPS: DO BUYER AND SUPPLIER PERSPECTIVES ON COLL,"(2006) found that firms engaged in collaborative relationships achieved improved visibility, higher service levels, increased flexibility, greater end-customer satisfaction, and reduced cycle times.",The two studies are then compared using invariance testing in order to determine economic and relational factors that drive satisfaction and performance from each party’s perspective.,"Trust and commitment, in turn, lead to improved satisfaction and performance.",2,FP,"The extracted CIMO mixes elements from different parts of the paper, with the intervention being a research methodology (invariance testing) rather than a management action.",Rule-based
EXAMINING SUPPLY CHAIN RELATIONSHIPS: DO BUYER AND SUPPLIER PERSPECTIVES ON COLL,"In a study of collaborative relationships between suppliers and large retailers, Corsten and Kumar (2005) found that even though both parties benefited from the collaboration, there was greater feeling of

inequity in the relationship on the part of suppliers.","Introduction

Increasingly, firms are building collaborative relationships with their supply chain partners in order to achieve efficiencies, flexibility, and a competitive advantage.","However, hybrid governance has emerged as a mechanism to effectively reduce transaction costs associated with market exchange while also reducing the ownership requirements of with vertical integration (Rindfleisch and Heide, 1997).",2,FP,"The extracted CIMO has an incoherent relationship between Context, Intervention, and Outcome, with the Intervention being a background statement rather than a management action.",Rule-based
EXERCISED POWER AS A DRIVER OF TRUST AND COMMITMENT IN CROSS-BORDER INDUSTRIAL B,Trust was subsequently revealed to foster commitment in the relationship.,"The sample comprised 1500 firms, which were selected after adopting a stratified random procedure, using product type and geographic location as stratification criteria.","In other words, the use of this power source will increase perceived costs (both economic and social) to a degree that may surpass the respective benefits gained from the relationship (Ramaseshan, Yep, & Pae, 2006).",1,FP,"The extracted CIMO contains an intervention that describes a sampling methodology rather than a management action, and the outcome references a different study (Ramaseshan et al., 2006) not mentioned in the paper excerpt.",Rule-based
EXERCISED POWER AS A DRIVER OF TRUST AND COMMITMENT IN CROSS-BORDER INDUSTRIAL B,"Trust and commitment is a particularly delicate issue in international business relationships, where the incidence of failure is much higher than in domestic ventures (Bello, Chelariu, & Zhang, 2003).","(1992), Morgan and Hunt (1994), Andaleeb (1996), and Doney and Cannon (1997); satisfaction (correctness of decision to work together, satisfactory working relationship, choosing to work together again, hoping for a long-lasting relationship, a happy working relationship) based on Kumar et al.",These positive aspects will subsequently lead to high levels of satisfaction with the working relationship.,1,FP,The extracted CIMO has an incoherent intervention that is not a clear management action but rather a list of citations and definitions.,Rule-based
EXPERIENCE EFFECTS AND COLLABORATIVE RETURNS IN R&D ALLIANCES,"# EXPERIENCE EFFECTS AND COLLABORATIVE RETURNS IN R&D ALLIANCES

RACHELLE C.","Using a constructed measure to identify the extent to which an alliance is characterized by greater complexity or uncertainty, I estimate the effect of prior experience on performance.","As the requirements for success in alliances change over time, this exploitation at the expense of exploration can lead to reduced performance.",1,FP,The intervention is not a management action but a research method (using a constructed measure).,Rule-based
EXPERIENCE EFFECTS AND COLLABORATIVE RETURNS IN R&D ALLIANCES,"While prior experience should increase collaborative benefits from the current alliance, I expect these returns: (1) to be most beneficial when alliance activities are more uncertain; and (2) to diminish at high levels of experience.",The probability of choosing an equity joint venture is a signal of the underlying complexity of alliance activities.,"The learning-bydoing, or experience-curve, literature demonstrates that cumulative production experience improves manufacturing productivity, primarily through cost reduction.",1,FP,"The extracted CIMO contains elements not supported by the paper, particularly the intervention about equity joint ventures and the outcome about manufacturing productivity.",Rule-based
EXPERIENCE EFFECTS AND COLLABORATIVE RETURNS IN R&D ALLIANCES,The positive benefits of prior experience in complex alliances suggest that a broader set of alliance management processes allows the firm to manage situations of ambiguity more readily.,"In this sense, the probability of selecting an equity joint venture captures the degree of uncertainty or complexity of alliance activities.","As firms increase production experience, for example, they are better able to attribute outcomes to changes in inputs and processes.",1,FP,The extracted CIMO incorrectly identifies the intervention as 'selecting an equity joint venture' which is not supported by the paper excerpt.,Rule-based
EXPLORATION AND EXPLOITATION ALLIANCES IN BIOTECHNOLOGY: A SYSTEM OF NEW PRODUCT,"In particular, we propose a product development path beginning with exploration alliances predicting products in development, which in turn predict exploitation alliances, and that concludes with exploitation alliances leading to products on the market.","During the early stages of the new product development process, a firm is prospecting for new wealth-creating opportunities.",,1,FP,"The extracted CIMO is missing the Outcome dimension, making it incomplete and not matching the reference CIMO.",Rule-based
FORMAL CONTROL AND SOCIAL CONTROL IN DOMESTIC AND INTERNATIONAL BUYER-SUPPLIER R,"This is mainly because TCE focuses on the make-or-buy decision, which is crucial in buyer–supplier relationships (Williamson, 2008).","Specifically, Luo (2002) finds that term specificity and contingency adaptability of formal contract between partners interact positively with social control in explaining IJV performance.","Given the complexities and uncertainties, even though trust exists, it may not necessarily reduce ex ante contract costs (Dyer and Chu, 2003).",1,FP,The extracted CIMO does not match any reference CIMO and contains elements not explicitly supported by the paper excerpt.,Rule-based
FRANCHISOR-FRANCHISEE SUPPLY CHAIN COOPERATION: SHARING OF DEMAND FORECAST INFOR,"There has been a growing interest in improving supply chain performance for all members of a supply chain through demand forecast information sharing (e.g., Mishra, Raghunathan, & Yue, 2007; Mukhopadhyay, Yao, & Yue, 2008).","Prior research has suggested that sharing demand forecast information between franchisors and franchisees could be one possible method by which

to improve franchising performance (Dant & Nasr, 1998).",franchising) that high-tech firms can use in order to expand their markets and improve firm performance.,1,FP,"The extracted CIMO has an incoherent relationship between Context and Intervention, and the Outcome is not clearly supported by the paper.",Rule-based
FRANCHISOR-FRANCHISEE SUPPLY CHAIN COOPERATION: SHARING OF DEMAND FORECAST INFOR,This research will also contribute to an emergent stream of research on profit sharing in B2B channel relationships.,"Another stream of research has examined the conditions that facilitate information sharing (Li, 2002) and how information sharing impacts price decisions.","Since franchising may serve as a good alternative to expanding markets for high-tech industries (Ayal & Izraeli, 2002), additional studies are needed to investigate how to enhance franchising performance.",1,FP,"The extracted CIMO mixes research streams with actual interventions and outcomes, not matching any reference CIMO and not forming a coherent C-I-O relationship from the paper.",Rule-based
HOW CAN BUSINESS BUYERS ATTRACT SELLERS' RESOURCES? EMPIRICAL EVIDENCE FOR PREFE,"Introduction

The Industrial Marketing Management “reverse perspective” special issue calls for papers that address one of the less-researched perspectives of partner value and hence partner attractiveness in a relationship.","The Baxter and Matear study is from the supplier's perspective, using an approach based on the intellectual capital literature.","Supplier development in Krause's study is “any effort of a buying firm with a supplier to improve the supplier's performance and/or capabilities”, and the questionnaire items are clearly indicators of buyer input of resources, such as “Training/education of the supplier's personnel”.",1,FP,The extracted CIMO does not match any reference CIMO and the intervention is not clearly supported as a management action in the paper excerpt.,Rule-based
HOW DOES JUSTICE MATTER IN ACHIEVING BUYER-CSUPPLIER RELATIONSHIP PERFORMANCE?,"Based on findings from this study, firms are encouraged to endorse all four kinds of justice in managing supply chain relationships.","Data

The proposed model is tested using matched manufacturerdistributor data collected from the household appliance industry in China.","For instance, Anderson and Weitz (1992) find that a distributor’s perception of the manufacturer’s fairness increases the distributor’s commitment.",1,FP,"The extracted CIMO has an incoherent relationship between the intervention (Data) and the context/outcome, as data is not a management action but rather a collection method.",Rule-based
HOW DOES JUSTICE MATTER IN ACHIEVING BUYER-CSUPPLIER RELATIONSHIP PERFORMANCE?,"Beyond the organizational boundary, researchers have recently begun to examine justice in inter-organizational issues within the contexts of strategic alliances (Luo, 2005, 2007), distribution channels (Kumar et al., 1995), and supply chain relationships (Griffith et al., 2006).",We then deployed a research team and conducted a pilot test with 20 matched pairs of suppliers and buyers by using semi-structured interviews to make sure each question would be clearly understood.,(1995) find that a dealer’s perceptions of supplier distributive fairness lead to the dealer’s commitment to and willingness to invest in the relationship.,1,FP,The extracted CIMO mixes elements from different parts of the paper without forming a coherent C-I-O relationship supported by the excerpt.,Rule-based
IN UNION LIES STRENGTH: COLLABORATIVE COMPETENCE IN NEW PRODUCT DEVELOPMENT AND ,"In the context of this study, we argue that the joint involvement of suppliers, customers, and crossfunctional internal employee teams in developing a new product leads to the development of super-additive synergies and is more valuable than the involvement of each individually.","Using responses collected from 189 NPD managers, we find empirical evidence for collaborative competence and its differential impact on project and market performance.","Similarly, with regard to customer involvement, evidence from case studies indicates that an incomplete and inaccurate assessment of customers’ needs can result in extremely high costs at the design stage (von Hippel, 1998; Walker and Tersini, 1992).",2,FP,The extracted CIMO mixes elements from different parts of the paper without coherent C-I-O relationship.,Rule-based
IN UNION LIES STRENGTH: COLLABORATIVE COMPETENCE IN NEW PRODUCT DEVELOPMENT AND ,We believe that these arguments are applicable in the context of an NPD project.,"A third contribution of our research is related to the generalizability of empirical results obtained from using a multi-industry, multi-country sample.","As business units share and reuse existing product knowledge, they tend to reduce development, tooling, and manufacturing costs, speeding up NPD activities and allowing the firm to rapidly address new market opportunities (Meyer and Lehnerd, 1997).",2,FP,"The extracted CIMO's intervention is not a management action but rather a description of research contributions, and the context and outcome don't match any reference CIMO.",Rule-based
IN UNION LIES STRENGTH: COLLABORATIVE COMPETENCE IN NEW PRODUCT DEVELOPMENT AND ,Similar negative associations are also found in the context of team size and project performance.,"Involving the customer in the product development process keeps the design team members updated on changing customer tastes and requirements and reduces the high degree of uncertainty accompanying new applications in the industry (MacCormack et al., 2001; Griffin and Hauser, 1993).","Additionally, implementing a single dimension without implementing others is not likely to produce the intended performance improvements (Porter, 1996); rather, it may even produce negative performance effects (Milgrom and Roberts, 1995).",2,FP,"The extracted CIMO's context mentions team size and project performance, which is not supported by the paper excerpt, and the outcome contradicts the paper's findings about implementing multiple dimensions.",Rule-based
INCUMBENT'S ADVANTAGE THROUGH EXPLOITING COMPLEMENTARY ASSETS VIA INTERFIRM COOP,"For example, the emergence of the Internet is considered to be a radical innovation for firms in the computing industry; however, the dominant software enterprise in the pre-Internet era, Microsoft, has embraced this technological shift and incorporated it throughout its business.","I controlled for incumbent firm size using the logarithm of 1997 firm rev-

enues.","It has long been proposed that corporate entrepreneurship leads to superior firm performance (Guth and Ginsberg, 1990).",1,FP,"The extracted CIMO contains an intervention that is a statistical method (controlling for firm size) rather than a management action, and the context and outcome don't match the reference CIMO.",Rule-based
INCUMBENT'S ADVANTAGE THROUGH EXPLOITING COMPLEMENTARY ASSETS VIA INTERFIRM COOP,Mohr and Spekman (1994) in their study of strategic alliances in the computer industry found that a network strategy can lead to a competitive advantage.,The hypotheses were tested using multivariate regression models.,"In addition, new entrants may be further motivated to cooperate with incumbents as alliances with established firms can bestow legitimacy, and thus positive reputational effects (Stuart, Hoang, and Hybels, 1999).",1,FP,"The extracted CIMO mixes elements from different studies and contexts, with the intervention being a research method rather than a management action.",Rule-based
INCUMBENT'S ADVANTAGE THROUGH EXPLOITING COMPLEMENTARY ASSETS VIA INTERFIRM COOP,"However, the more alliances an incumbent firm participates in simultaneously, the higher the probability that management will be less effective in managing those alliances due to bounded rationality (Simon, 1960).",Hypothesis 3 was tested using OLS.,"An increasing number of alliances creates increasing managerial information-processing demands, which may contribute to an overall negative net effect at high levels of alliance intensity (Hitt, Hoskisson, and Kim, 1997).",1,FP,"The extracted CIMO is not supported by the paper excerpt as it discusses alliance intensity and managerial effectiveness, while the paper focuses on complementary assets and alliance performance.",Rule-based
LEADERSHIP AND RELATIONSHIP COMMITMENT: A FOCUS ON THE SUPPLIER-BUYER-USER LINKA,The focus is on the activities and relationships between (1) the corporate buyers and the internal users and (2) the corporate buyers and the external suppliers in the supply chain.,"one confirmatory factor model using LISREL [11]; the overall CFA model was run separately for the two samples (users and buyers) to assess the reliability and validity of the measurement properties in the two contexts [6, 12].","Thus, both transformational and transactional leadership behaviors can positively affect the relationship commitment in the supplier–buyer–user supply chain.",1,FP,The intervention is a research method (confirmatory factor model using LISREL) rather than a management action.,Rule-based
LEADERSHIP AND RELATIONSHIP COMMITMENT: A FOCUS ON THE SUPPLIER-BUYER-USER LINKA,"Overall, the results suggest that transformational leadership behaviors have a positive influence on building commitment in the dyadic relationships between (1) users and buyers and (2) buyers and suppliers.","The model fits were evaluated using the DELTA2 index [13], the relative noncentrality index (RNI)[14], and the comparative fit index (CFI) [11], which have been shown to be the most stable fit indices by Gerbing and Anderson [15].","Based on this discussion, we test the following hypotheses:

H1: Transactional leadership has a positive effect on relationship commitment between (1) the internal users and buyers and (2) buyers and suppliers in the supply chain.",1,FP,"The intervention is about model fit indices, not leadership behaviors.",Rule-based
"MAKE, BUY, OR ALLY: A TRANSACTION COST THEORY META-ANALYSIS","Technological uncertainty is the inability to accurately forecast the technical requirements in a relationship (Walker & Weber, 1984).","Recently, a review using the vote-counting method, which consists of a tabulation of significant and nonsignificant findings, appeared (David & Han, 2004).",Relational governance appropriately aligned with transaction dimensions leads to enhanced performance.,2,FP,"The extracted CIMO's context is about technological uncertainty, which is not mentioned in the paper excerpt, and the intervention refers to a review method rather than a management action.",Rule-based
MANAGING THE BUYER-SUPPLIER INTERFACE FOR ON-TIME PERFORMANCE IN PRODUCT DEVELOP,"In this paper, we explore the relationship between use of some commonly cited buyer-supplier interface management techniques and product development time performance.",Frequent communication using a rich medium allows the buyer and supplier to develop a common interpretation of information and thus reduces delays because of mistakes and misunderstandings.,We hypothesize that increasing the supplier's responsibility for component design can improve the supplier's on-time performance.,1,FP,"The extracted CIMO mixes elements from different parts of the paper and creates an incoherent relationship between Context, Intervention, and Outcome.",Rule-based
MANAGING THE BUYER-SUPPLIER INTERFACE FOR ON-TIME PERFORMANCE IN PRODUCT DEVELOP,"Written communication is capable of transferring large amounts of information when ambiguity is low (Daft and Lengel, 1986).",The effects of involving a supplier early on and increasing a supplier's responsibility for design are expected to be amplified by technical capabilities.,"In this research, we hypothesize that greater communication between the buyer and supplier during product development will improve the supplier's time performance.",1,FP,"The extracted CIMO contains elements not supported by the paper, particularly the claim that technical capabilities amplify the effects of early supplier involvement and increased design responsibility, which contradicts the paper's findings.",Rule-based
OUTSOURCING AS SEEN FROM THE PERSPECTIVE OF KNOWLEDGE MANAGEMENT,"In social networks, personal interaction between the members is necessary.",One of the main contributions of our study is to find contingent factors that explain the disparities between the results of previous studies of the benefits of outsourcing using the theoretical approach of the knowledge-based view of the company.,"Whereas some studies have found positive results in terms of variables such as efficiency, cost savings or access to new technologies (Powell, Koput and Smith-Doerr 1996; Heshmati 2003), others have reached the opposite conclusion (Jiang, Frazier and Prater 2006; Broedner, Kinkel and Lay 2009).",1,FP,The extracted CIMO does not match any reference CIMO and the intervention is not a clear management action but rather a research contribution.,Rule-based
PEEKING INSIDE THE BLACK BOX: TOWARD AN UNDERSTANDING OF SUPPLY CHAIN COLLABORAT,Because the behavior of individuals must change in collaborative relationships — often substantially — the change management literature argues that resistance will be strong (Staw et al.,"Using the literature as background, we pursued an iterative, open‐coding process — i.e., we traveled back and forth among the case write‐ups and emerging constructs.","For example, financial performance, revenue growth, profitability, and pressure from Wall Street became need to improve financial performance.",1,FP,"The extracted CIMO has an incoherent relationship between intervention and outcome, and the outcome is not clearly supported by the paper excerpt.",Rule-based
REDUNDANT GOVERNANCE STRUCTURES: AN ANALYSIS OF STRUCTURAL AND RELATIONAL EMBEDD,This network configuration is especially suboptimal for firms in the semiconductor industry.,"Using strategic alliance networks in the semiconductor and steel industries, we build on past embeddedness research by examining the interaction of these factors.",The existence of environmental uncertainty increases the rate of innovation required to survive and therefore how much firms invest in exploration.,2,FP,The extracted CIMO's outcome about environmental uncertainty increasing innovation rate is not supported by the paper excerpt.,Rule-based
REDUNDANT GOVERNANCE STRUCTURES: AN ANALYSIS OF STRUCTURAL AND RELATIONAL EMBEDD,"Currently in strategic alliances research, however, cooperating with competitors is considered to be potentially a valuable resource.","Moreover, formal contracts are often ineffective governance devices, because they cannot fully cover all contingencies and may even undermine collaborative efforts (MaCaulay, 1963).","Similarly, von Hippel (1998) illustrates that engineers from rival firms in the steel industry establish informal linkages across which they exchange information on how to reduce production costs.",2,FP,The extracted CIMO mixes concepts from different parts of the paper without coherent C-I-O relationship.,Rule-based
REDUNDANT GOVERNANCE STRUCTURES: AN ANALYSIS OF STRUCTURAL AND RELATIONAL EMBEDD,"George Street, Toronto, ON M53 3E6, Canada

search for optimal network configurations: How should firms be embedded in the web of strategic alliances in their industries?","# REDUNDANT GOVERNANCE MECHANISMS

We have outlined the main effects of relational embeddedness on firm performance using existing

theories to argue that strong ties act as governance mechanisms for interfirm alliances.","As such, exploration through intense ties decreases the number of alternative innovations identified in the environment.",2,FP,"The extracted CIMO contains unsupported elements: the context is a specific address rather than a meaningful research context, and the intervention 'REDUNDANT GOVERNANCE MECHANISMS' is not clearly presented as a management action in the excerpt.",Rule-based
RELATION-SPECIFIC CAPABILITIES AND BARRIERS TO KNOWLEDGE TRANSFERS: CREATING ADV,"In this paper we explicitly consider the effects of network resources (knowledge) on firm performance and, in a conservative test of the theory, demonstrate that network resources result in differential firm performance even in supplier networks where rivals are buying from the same suppliers.","# RELATION-SPECIFIC CAPABILITIES AND BARRIERS TO KNOWLEDGE TRANSFERS: CREATING ADVANTAGE THROUGH NETWORK RELATIONSHIPS

JEFFREY H.","In this paper we explicitly consider the effects of network resources (knowledge) on firm performance and, in a conservative test of the theory, demonstrate that network resources result in differential firm performance even in supplier networks where rivals are buying from the same suppliers.",1,FP,"The extracted CIMO has identical Context and Outcome, but the Intervention is just a title rather than a clear management action.",Rule-based
RELATION-SPECIFIC CAPABILITIES AND BARRIERS TO KNOWLEDGE TRANSFERS: CREATING ADV,"We examine these questions in the context of the automotive industry, where Toyota is known for attempting to leverage its knowledge assets by sharing production knowledge with its supplier network.","We examine these questions in the context of the automotive industry, where Toyota is known for attempting to leverage its knowledge assets by sharing production knowledge with its supplier network.",Measures were then developed to operationalize the degree to which each customer had exchanged knowledge with the supplier to help the supplier improve (1) quality and (2) inventory costs.,1,FP,"The extracted CIMO incorrectly uses the same text for both Context and Intervention, and the Outcome is not clearly supported by the paper excerpt.",Rule-based
RELATIONSHIP MARKETING AND SUPPLIER LOGISTICS PERFORMANCE: AN EXTENSION OF THE K,"While the antecedents to these relationships have been studied extensively in the marketing channels and supply chain management literature, relatively little research has considered the performance out-

# SUMMARY

comes of such exchanges.","Adopting the same definition, Hewett and Bearden (2001) include acquiescence in their model of marketing headquarters– subsidiary relationships.","While Morgan and Hunt indicate that the five endogenous constructs in their model should lead to improved performance and financial benefits in such relational exchanges, they do not test this premise, but instead leave such an extension of their model to future research.",1,FP,The extracted CIMO is not supported by the paper excerpt as it lacks a clear intervention action and coherent C-I-O relationship.,Rule-based
RELATIONSHIP MARKETING AND SUPPLIER LOGISTICS PERFORMANCE: AN EXTENSION OF THE K,"Yet not all of these relationships lead to mutually beneficial results, with some firms in a buyer–supplier relationship acting opportunistically to gain greater benefits at the expense of the other party (Gundlach and Cadotte 1994).","The five exogenous constructs in Figure 2 were measured using the scale items from Morgan and Hunt (1994), which examined retailer–supplier relationships.","Thus, the current paper posits that such acquiescence can improve supplier performance in terms of fill rates, lead times, and on-time delivery:

H1: Supplier acquiescence is positively related to supplier logistics performance.",1,FP,The intervention is not a management action but rather a measurement approach using existing scales.,Rule-based
SELLING ALLIANCES: ISSUES AND INSIGHTS,"In vertical channel relationships, individuals are bound to their relationships by the coordinating forces of role expectations, contracts, and serial interdependence [34], (where the output of one party is used as an input by another).",Issues involved in implementing selling alliances are identified from in-depth interviews with sales representatives and managers involved in these alliances.,Incompatible organizational goals can lead to partners working at cross purposes and can lead to mistrust in relationships [2].,2,FP,"The extracted CIMO's intervention is not a management action but rather a research method (interviews), and the outcome is presented as a general issue rather than a specific result of the intervention.",Rule-based
SOCIAL CAPITAL IN THE GROWTH OF SCIENCE-AND-TECHNOLOGY-BASED SMES,"However, although it is acknowledged that social capital plays an important role in SME networks, little is known of the dynamics of its utilization in company growth (Maurer & Ebers, 2006).","The relational dimension refers to the role of non-contractual elements in developing and maintaining actor relationships such as trust, norms, personal expectations, obligations and identification.",,1,FP,"The extracted CIMO is missing the Outcome dimension, making it incomplete and not matching any reference CIMO.",Rule-based
SOCIAL EXCHANGE IN SUPPLY CHAIN RELATIONSHIPS: THE RESULTING BENEFITS OF PROCEDU,"# Social exchange in supply chain relationships: The resulting benefits of procedural and distributive justice

David A.","Further, in choosing between actions, a member to an exchange will choose the one for which the value of the reward multiplied by the probability of receiving the reward is greater (i.e., rationality proposition).",,1,FP,The extracted CIMO is incomplete (missing Outcome) and the Intervention is a theoretical proposition rather than a management action.,Rule-based
STRATEGIC ALLIANCE SUCCESS FACTORS,"# INTRODUCTION

Over the last decade, there have been noticeable changes in buyer-supplier relationships as firms have moved away from adversarial toward more cooperative supply chain arrangements.",The answers to these questions are essential to managers in both buying and supplying firms in the process of developing and maintaining strategic alliances throughout the supply chain.,An alliance was defined as “a long-term relationship where participants cooperate and willingly modify their business practices to improve joint performance.” The research design was unique in that both partners in an alliance were studied.,1,FP,The extracted CIMO does not match any reference CIMO and the intervention is not a clear management action but rather a statement about the importance of answers to research questions.,Rule-based
STRATEGIC ALLIANCE SUCCESS FACTORS,Is there agreement in both buyer and supplier perspectives in an alliance with respect to success factors and their defining conditions?,"Thus, the greatest cost to alliance development is in “people” costs that arise from both partners modifying traditional habits and beliefs while adopting new ways of conducting business.","If senior management were highly involved in or supportive of the alliance, the mean response would be expected to be much higher (i.e., any change in corporate leadership would have a significantly negative impact on the alliance).",1,FP,The extracted CIMO does not match any reference CIMO and the intervention is not a clear management action but rather a description of costs/challenges.,Rule-based
"STRATEGIC PURCHASING, SUPPLY MANAGEMENT, AND FIRM PERFORMANCE","When alliance partners adopt a relationship orientation, they are more likely to focus on knowledge development and exchange and increase investment in ‘‘relationship-specific assets’’ (Madhok and Tallman, 1998).","Using structural equation modeling, we empirically test a number of hypothesized relationships based on a sample of 221 United States manufacturing firms.",Strategic purchasing will have a positive effect in fostering close relationships with a limited number of suppliers.,1,FP,"The extracted CIMO's context is about alliance partners adopting relationship orientation, which is not supported by the paper excerpt that focuses on strategic purchasing and supply management.",Rule-based
"STRATEGIC PURCHASING, SUPPLY MANAGEMENT, AND FIRM PERFORMANCE",Strategic purchasing will have a positive effect in fostering close relationships with a limited number of suppliers.,"Using structural equation modeling, we empirically investigate the relationships among strategic purchasing, supply management, customer responsiveness and financial performance.","Clearly, effective communication improves the buying firm’s performance (D’Amours et al., 1999; Walton and Marucheck, 1997) and is an important factor in the development of supply management capabilities (Zollo et al., 2002) and supply-chain relationships (Mohr and Sohi, 1995).",1,FP,"The extracted CIMO incorrectly identifies the intervention as using structural equation modeling, which is a research methodology rather than a management action.",Rule-based
STRUCTURAL EMBEDDEDNESS AND SUPPLIER MANAGEMENT: A NETWORK PERSPECTIVE,"By doing so, a buying company may do a better job of selecting suppliers for long-term relationships and may also find value in maintaining relationships with poorly performing suppliers who may potentially act as a conduit to other companies with technological and innovative resources.","By doing so, a buying company may do a better job of selecting suppliers for long-term relationships and may also find value in maintaining relationships with poorly performing suppliers who may potentially act as a conduit to other companies with technological and innovative resources.","However, when a well-informed mining company in its supply chain adopts the X-ray technology used in the medical field, its performance increases, which in turn impacts the performance of the steel mills it supplies to.",1,FP,"The extracted CIMO's outcome contradicts the paper's focus on structural embeddedness in supplier networks, not technology adoption.",Rule-based
STRUCTURAL EMBEDDEDNESS AND SUPPLIER MANAGEMENT: A NETWORK PERSPECTIVE,We need to consider how a supplier is embedded in its own networks if we are to truly gauge its performance.,These companies have traditionally focused more on suppliers’ internal capabilities and stability when evaluating and selecting suppliers.,"When Honeywell eventually benefits from better cost control and delivery performance facilitated by this new technology, it will benefit from its indirect connections.",1,FP,"The extracted CIMO contains elements not supported by the paper, particularly the outcome mentioning Honeywell and specific benefits.",Rule-based
SUPPLIER DEVELOPMENT: CURRENT PRACTICES AND OUTCOMES,Such an effort may ultimately be viewed by the parties as an investment in the buyer-supplier relationship.,"However, companies report that suppliers’ performance and/or capabilities are often deficient in areas such as quality, delivery, cost reduction, financial health, adopting new technologies, and handling design changes.","# RESULTS

Respondents were provided the definition of supplier development introduced earlier and asked to focus their responses on “any” single supplier with which their firm had made “any effort,” from limited to extensive, to increase its performance or capabilities.",1,FP,"The extracted CIMO mixes context and intervention, and the outcome is just a section heading rather than a clear outcome.",Rule-based
SUPPLIER DEVELOPMENT: IMPROVING SUPPLIER PERFORMANCE THROUGH KNOWLEDGE TRANSFER,"While the importance of communication is well established in the context of buyer–supplier relationships, its role in supplier development efforts remains untested.","There is strong evidence that organizations today are increasingly implementing supplier development programs to improve supplier

performance and remain competitive.","Firms improve the performance of their suppliers by undertaking initiatives which transfer knowledge like their lean production practices into their supply base (MacDuffie and Helper, 1997; Lieberman and Asaba, 1997).",1,FP,"The extracted CIMO has an incoherent relationship between Context and Intervention, as the Context discusses communication's untested role while the Intervention focuses on supplier development programs without mentioning communication.",Rule-based
SUPPLIER DEVELOPMENT: IMPROVING SUPPLIER PERFORMANCE THROUGH KNOWLEDGE TRANSFER,"(2000), this research verifies the current state of knowledge about supplier development and extends our understanding with an additional investigation into the role of communication in the context of supplier development.","Competitive pressure: Organizations make use of market forces to develop competitive pressure by using multiple sources (Dyer and Ouchi, 1993; Tezuka, 1997).","However, there is a lack of evidence whether such efforts lead to improved supplier performance, thereby creating value for the firm.",1,FP,"The intervention 'Competitive pressure' is described as a strategy but not as an action taken by organizations, making it a condition rather than a management action.",Rule-based
SUPPLIER EVALUATIONS: COMMUNICATION STRATEGIES TO IMPROVE SUPPLIER PERFORMANCE,"This commitment can be reflected by loyalty, willingness to make investments in the supplier’s business, and confidence in the stability of a long-term relationship (Anderson and Weitz, 1992).","Introduction

In today’s business environment, there is an emphasis on developing long-term cooperative relationships with critical suppliers.","# Supplier evaluations: communication strategies to improve supplier performance

Carol Prahinski a,∗, W.C.",1,FP,"The extracted CIMO has an incoherent relationship between Context and Intervention, and the Intervention is not clearly defined as a management action.",Rule-based
SUPPLIER EVALUATIONS: COMMUNICATION STRATEGIES TO IMPROVE SUPPLIER PERFORMANCE,"Feedback

When managers in firms conduct dialogue, feedback and clarification, they attempt to reduce the equivocality and uncertainty in the relationship (Daft and Lengel, 1986).","By using collaborative communication, it is hypothesized that the supplier’s perceptions of BSR will be positively influenced.","Specifically, the supplier evaluation communication process does not ensure improved supplier performance unless the supplier is committed to the buying firm.",1,FP,"The extracted CIMO has an incoherent relationship between Context (Feedback) and Intervention (collaborative communication), and the Outcome contradicts the paper's findings.",Rule-based
SUPPLIER EVALUATIONS: COMMUNICATION STRATEGIES TO IMPROVE SUPPLIER PERFORMANCE,"From the dyadic perspective, Anderson and Weitz (1992) found that supplier’s commitment was a function of three components of the buyer–supplier relationship: the buying firm’s commitment as perceived by the supplier, the supplier’s investment in the relationship, and communication feedback.",There are several benefits of using a second-order factor.,"The results also indicate that when a buying firm utilizes collaborative communication, the supplier perceives a positive influence on the buyer–supplier relationship.",1,FP,"The extracted CIMO does not match any reference CIMO and contains unsupported elements, particularly the intervention about 'second-order factor' which is not mentioned in the paper.",Rule-based
"SUPPLIER INTEGRATION INTO NEW PRODUCT DEVELOPMENT: COORDINATING PRODUCT, PROCESS","Congruent with the need to integrate multiple linked processes in the supply chain, theoretical research advocates that early and extensive supplier involvement results in a faster development process (Dyer and Singh, 1998; Handfield et al., 1999; Monczka et al., 1998; Petersen et al., 2003).",We test these proposed relationships using survey data collected from a group of global organizations and find support for the relationships based on the results of a multiple regression analysis.,"Hypothesis 4: performance outcomes

Relational theory suggests that both buyers and suppliers must make investments in an effort to improve joint performance outcomes in product development (Cohen and Levinthal, 1990; Dyer and Singh, 1998).",1,FP,The extracted CIMO incorrectly describes the intervention as testing relationships with survey data rather than the actual intervention of supplier involvement in new product development.,Rule-based
"SUPPLIER INTEGRATION INTO NEW PRODUCT DEVELOPMENT: COORDINATING PRODUCT, PROCESS",Improved integration of product and process design decisions between buyers and suppliers in the supply chain has been studied under several different theoretical perspectives in recent years.,"One North American manager we interviewed explained this challenge using an interesting metaphor:

Suppliers are like fish in the ocean.","Improved new product development team effectiveness is positively associated with improved (H4a) firm financial performance and, or (H4b) design performance.",1,FP,"The extracted CIMO contains a metaphor about suppliers being fish in the ocean, which is not a management intervention but rather an analogy, and the outcome is incorrectly associated with the metaphor rather than supplier integration.",Rule-based
SUPPLIER INTEGRATION-FINDING AN OPTIMAL CONFIGURATION,"Behavioral and economic factors such as trust, satisfaction, and asset specificity have been identified as important enablers in external relationships (Ganesan, 1994; Gulati, 1995; Zaheer and Venkatraman, 1995; Aulakh et al., 1996).","In summary, we conceptualize supplier integration as a balanced internal–external approach to bridging distinct groups within and across a firm, employing valuable and inimitable knowledge-generating practices that are tightly interconnected in execution and impact.","Supplier integration reduces the ‘‘costs of running the system’’ (Coase, 1937).",1,FP,"The extracted CIMO does not match the reference CIMO on any dimension (C, I, O) and the intervention is not clearly supported as a management action in the paper excerpt.",Rule-based
SUPPLIER INTEGRATION-FINDING AN OPTIMAL CONFIGURATION,"Supplier integration initiatives such as third-party logistics are also emerging, in which networks of companies, potentially from different industries, aim to create cost benefits through scale economies.","The bilateral approach develops relational capital among interacting parties, using social factors and commonality of interests acting as agreement enforcers (Heide and John, 1990; Heide and John, 1992).","Accordingly, increased investments in supplier integration should result in increased levels of performance.",1,FP,The extracted CIMO's intervention focuses on 'bilateral approach' and 'relational capital' which is not supported by the paper excerpt that discusses supplier integration as a bundle of practices and optimal configurations.,Rule-based
THE DETERMINANTS OF COMMITMENT IN THE DISTRIBUTOR- MANUFACTURER RELATIONSHIP,Commitment provides the basis for a cooperative spirit in marketing channel relationships and leads to an overall stronger partnership [8].,,"Thus, manufacturers in the industrial marketplace must strive to enhance their understanding of the process by which distributor commitment is created and maintained [7].",1,FP,"The extracted CIMO is missing the Intervention dimension, which is required for a complete CIMO classification.",Rule-based
"THE DRIVERS OF CUSTOMER ATTRACTIVENESS, SUPPLIER SATISFACTION AND PREFERRED CUST",Whereas attraction has already been addressed in various articles about relationship development in the industrial marketing literature (see e.g.,The literature was primarily identified using database searches.,"In sum, the author suggested that a relational and cooperative approach towards suppliers will result in supplier satisfaction with the relationship.",1,FP,"The intervention is not a management action but rather a literature identification method, and the context doesn't match the reference.",Rule-based
"THE DRIVERS OF CUSTOMER ATTRACTIVENESS, SUPPLIER SATISFACTION AND PREFERRED CUST","As we mentioned earlier, the term ‘preferred customer’ is not new (see Hottenstein, 1970), although it has rarely been used in the context of purchasing.","Using ‘supplier satisfaction’ as one of our search terms, we deliberately excluded papers regarding satisfaction downstream of the supply chain, i.e., papers regarding retailer or customer satisfaction.",One possible goal for buyers aiming to increase supplier satisfaction could be to enter into more intimate relationships but organise interaction in a way that enhances the suppliers' feelings of reciprocity and transparency.,1,FP,The extracted CIMO does not match any reference CIMO and the intervention is not a clear management action but rather a methodological approach to literature review.,Rule-based
THE EFFECTS OF AN INTEGRATIVE SUPPLY CHAIN STRATEGY ON CUSTOMER SERVICE AND FINA,"In summary, our supply chain integration construct encompasses both intra-firm as well as inter-firm integration, since the internal functions comprising a company are as much a part of the supply chain as are the external members.",Insights gained as a result of establishing strong relationships with customers can also be used to enhance operational effectiveness and cost efficiency.,"Researchers have demonstrated that IT can decrease both coordination costs (see e.g., Nooteboom, 1992) and transaction risk (Clemons and Row, 1992; Clemons et al., 1993).",1,FP,The extracted CIMO does not match any reference CIMO and contains elements not supported by the paper excerpt.,Rule-based
THE EFFECTS OF INFLUENCE STRATEGIES ON DEALER SATISFACTION AND PERFORMANCE IN TA,"3, Touliu, Yunlin, Taiwan 640, ROC

Received 6 August 2004; received in revised form 16 July 2005; accepted 4 August 2005

Available online 20 March 2006

# Abstract

The studies of influence strategies in channel relationships have focused on western, individualistic countries.","Because a source explicitly states his or her preferences, a target choosing to ignore the recommendation is likely to experience a level of tension.","Ambler, Styles, and Wang (1999) also found a channel's qualitative outcomes, such as satisfaction, will lead to its performance.",1,FP,"The extracted CIMO contains elements not supported by the paper excerpt, particularly the intervention which is not a clear management action.",Rule-based
THE EFFECTS OF INFLUENCE STRATEGIES ON DEALER SATISFACTION AND PERFORMANCE IN TA,"The use of perception altered strategies may develop consistency in channel relationships (Frazier & Summers, 1986), which reduces conflicts among channels (Frazier & Rody, 1991).","(1999) reveal that using threats reduces the economic and noneconomic satisfaction of major channel members, because they are unwilling to be involved with partners who use coercion.","The ultimate aim of the supplier's use of influence strategies is to improve operational performance, not just focus on satisfaction, so this work investigates how dealer satisfaction affects dealer performance and hope to find out which satisfaction is more important.",1,FP,The extracted CIMO mixes elements from different parts of the paper and doesn't form a coherent C-I-O relationship supported by the excerpt.,Rule-based
THE EFFECTS OF PARTNER AND RELATIONSHIP CHARACTERISTICS ON ALLIANCE OUTCOMES,"Resource exchange and the value of the resource accessed in an alliance are of central concern (Harrigan, 1986; Pfeffer & Nowack, 1976; Pfeffer & Salancik, 1978; Thorelli, 1986).",Killing (1983) noted the importance of having or establishing a close relationship with any joint venture partner.,"According to transaction cost and agency theories, a positive reputation can reduce the search and monitoring costs associated with allying with a specific company, thereby lowering the overall transaction costs involved (Weigelt & Camerer, 1988; Williamson, 1975).",1,FP,"The extracted CIMO does not match the reference CIMO on any dimension (C, I, O) and is not supported by the paper excerpt.",Rule-based
"THE IMPACT OF COERCIVE AND NON-COERCIVE FORMS OF INFLUENCE ON TRUST, COMMITMENT,","While a large number of factors fall into the classification of relational elements, arguably trust and commitment have been studied most frequently and have been more consistently cited as the key elements in a relationship (Morgan & Hunt, 1994).","Thus, this study seeks to test the factor structure of influence strategies using newer methods not employed in earlier studies.","For instance, Hausman and Stock (2003) find no relationship between either coercive or non-coercive influence and compliance, while Clemens and Douglas (2006) find a positive relationship between coercive influence and compliance.",1,FP,The extracted CIMO does not match any reference CIMO and the intervention is not a clear management action but rather a research methodology.,Rule-based
"THE IMPACT OF COERCIVE AND NON-COERCIVE FORMS OF INFLUENCE ON TRUST, COMMITMENT,","In channels, commitment among exchange partners is a key to achieving valuable outcomes, such that firms endeavor to develop and maintain this important attribute in their relationships (Morgan & Hunt, 1994).","The partners of the two firms are likely to evaluate these two coercive strategies much differently, with the result that the partner should evaluate the firm using a mixture of threats and promise as less coercive than the firm using only coercive influence.","Here, there is more clarityand the negative impact of coercive influence on relational elements is supported (Hausman & Stock, 2003; Simpson & Mayo, 1997).",1,FP,"The extracted CIMO has an incoherent relationship between intervention and outcome, as it discusses evaluating coercive strategies rather than implementing influence strategies.",Rule-based
THE IMPACT OF SUPPLIER SELECTION CRITERIA AND SUPPLIER INVOLVEMENT ON MANUFACTUR,"For each of the SS, SI, and SP questions, a t-test was performed to determine if there is a significant difference in the means for firms in the high and low performing groups.",These results lend support to the statement that implementing supplier selection criteria and involving suppliers has a positive impact on performance.,"More communication and interactions with suppliers, customers, and other functional areas within the firm are needed to ensure that capabilities, both internal and external, are employed in ways that enhance overall performance.",1,FP,The extracted CIMO's outcome is not supported by the paper excerpt.,Rule-based
THE PERILOUS EFFECTS OF CAPABILITY LOSS ON OUTSOURCING MANAGEMENT AND PERFORMANC,"In evaluating these posited relationships, this study makes three valuable contributions to the aforementioned literatures.",Prior studies have established the significant positive effect that developing a committed and cooperative relationship with the provider has on outsourcing performance.,"This latter contribution is particularly germane in light of the significantly positive impact that effective relationship management practices are espoused to have on the performance of inter-organizational exchanges (e.g., Carr and Pearson, 1999; Chen and Paulraj, 2004; Handley and Benton, 2009).",1,FP,The extracted CIMO does not match any reference CIMO and is not explicitly supported by the paper excerpt as it focuses on contributions rather than a specific C-I-O relationship.,Rule-based
THE PERILOUS EFFECTS OF CAPABILITY LOSS ON OUTSOURCING MANAGEMENT AND PERFORMANC,Morgan and Hunt (1994) also find strong support for commitment being critical to effective cooperation in vertical exchange relationships.,"Yet, firms are often averse to investing in relationship specific resources unless the exchange is characterized by high levels of trust and mutual commitment (Madhok and Tallman, 1998).","Capability loss has a negative effect on relationship management, ceteris paribus

# 3.3.",1,FP,"The extracted CIMO contains elements not supported by the paper excerpt, particularly the intervention about trust and commitment from Morgan and Hunt (1994) and Madhok and Tallman (1998), which are not discussed in the provided text.",Rule-based
THE PERILOUS EFFECTS OF CAPABILITY LOSS ON OUTSOURCING MANAGEMENT AND PERFORMANC,"However, when firms experience a high degree of capability loss as a result of outsourcing, they essentially lose one potential source which contributes to these small numbers bargaining concerns.","Data collection

Data for this study was collected using an online survey instrument.","The loss of knowledge and understanding that frequently occurs with outsourcing (Ellram et al., 2008) negatively impacts these prerequisites for effective knowledge transfer.",1,FP,"The intervention 'Data collection' is not a management action but a research method, making it invalid as an intervention in a CIMO framework.",Rule-based
THE RELATIONSHIP BETWEEN EDI AND SUPPLIER RELIABILITY,Other studies which aggregate a buying firm’s EDI performance across all suppliers runs the risk of masking the performance of an excellent supplier in an EDI relationship with the poor p e rformance of a mediocre supplier that also uses EDI.,"company in the trading relationship used EDI, and on the reliability of a single selected supplier using EDI with this company.",Electronic Data Interchange (EDI) is a technology that can help reduce the cost of supplier coordination by improving the ability of a purchasing manager to manage suppliers and by enhancing buyer-supplier relationships.,1,FP,"The extracted CIMO contains elements not supported by the paper, particularly in the context and intervention dimensions.",Rule-based
TOWARDS AN UNDERSTANDING OF ATTRACTION IN BUYER-SUPPLIER RELATIONSHIPS,This study argues that in order to improve value creation and value transfer in buyer–supplier relationships it is not enough to optimize and coordinate management and control systems.,Supplier management has been discussed using different systems of reference.,"The first component, “cost reduction”, seeks to leverage the supplier's ability to reduce their joint total cost, enabling the buyer to compete on selling price.",2,FP,"The extracted CIMO's intervention is not a clear management action but rather a discussion of different systems of reference, which contradicts the paper's focus on attraction in buyer-supplier relationships.",Rule-based
TOWARDS AN UNDERSTANDING OF ATTRACTION IN BUYER-SUPPLIER RELATIONSHIPS,"Journal of Marketing, 51: 11–27.], it argues that mutual attraction is important in developing relationships.","Marketing and purchasing strategies and, more specifically, buyer/supplier segmentation using portfolio models (Fiocca, 1982; Olsen & Ellram, 1997; Turnbull, 1990) are applied in implementing this approach.",The focus is on the supplier's ability to reduce the buyer's total product cost.,2,FP,"The extracted CIMO's outcome focuses on reducing buyer's total product cost, which is not mentioned in the paper excerpt that discusses attraction in buyer-supplier relationships.",Rule-based
USING INFLUENCE STRATEGIES TO ADVANCE SUPPLIER DELIVERY FLEXIBILITY: THE MODERAT,"When the relationship contains a highly shared vision, a manufacturer's use of the recommendation influence strongly promotes supplier delivery flexibility, whereas the use of a promise strategy depresses supplier delivery flexibility.","# Using influence strategies to advance supplier delivery flexibility: The moderating roles of trust and shared vision

Kuo-Hsiung Chang a,1 , Hsu-Feng Huang b, ⁎

a Department of International Business, Tunghai University, NO.","If the supplier lacks the ability to accommodate rush orders and delivery on the promised due dates (Chan, 2003), the result is generally an increase in the manufacturer's additional cost (e.g.",1,FP,The extracted CIMO has an incoherent C-I-O relationship and the intervention is not clearly supported by the paper excerpt.,Rule-based
USING INFLUENCE STRATEGIES TO ADVANCE SUPPLIER DELIVERY FLEXIBILITY: THE MODERAT,"In contrast, an information exchange strategy will have a negative effect, but the promise strategy will have a positive effect on supplier delivery flexibility when trust is high.","Ghijsen, Semeijn, and Ernstson (2010) claimed ‘direct strategy’ that includes threats, legalistic pleas, and promises that focus on directly changing the targets specific behavior by employing explicit or implicit rewards or punishments.","Past studies have empirically illustrated that coercive influence strategies have negative effects on dyadic relationships (Kim, 2000; Kumar, 2005; Sanzo et al., 2003).",1,FP,The extracted CIMO mixes different influence strategies and contradicts the paper's findings on promise strategy effects.,Rule-based
USING INFLUENCE STRATEGIES TO ADVANCE SUPPLIER DELIVERY FLEXIBILITY: THE MODERAT,"Although manufacturing firms may use similar influence strategies, not all suppliers will react equivalently in the same position because of different social capital characteristics in interorganizational relationships.",Using the promise strategy makes suppliers feel strained with inference to the manufacture's increasing power and further coming sanction or punishment.,"If the source applies the recommendation strategy, it will help to nurture healthy relationships and increase economic and social satisfaction (Lai, 2007).",1,FP,"The extracted CIMO mixes different influence strategies (promise and recommendation) from the paper, creating an incoherent relationship not supported by the text.",Rule-based
WHEN DOES TRUST MATTER TO ALLIANCE PERFORMANCE?,Langfred (2004) argued that the effect of trust on the performance of self-managing teams reverses when individual autonomy is high.,It also alleviates apprehensions regarding the sharing of valuable information; the resulting information exchange and socialization assist in maintaining effective integration and coordination.,"It thus reduces the costs of interpartner conflict as well as other transaction costs (Dyer & Chu, 2003; Zaheer et al., 1998).",1,FP,The extracted CIMO mixes elements from different parts of the paper without coherent C-I-O relationship.,Rule-based
WHEN DOES TRUST MATTER TO ALLIANCE PERFORMANCE?,"# Trust, Behavioral Uncertainty, and Alliance Performance

Concern about partner behavior is a predominant source of internal tension in strategic alliances (Park & Ungson, 2001; Parkhe, 1993; Sutcliffe & Zaheer, 1998).",These target respondents’ names were identified using Capitaline and chamber of commerce data.,"Therefore, all else being equal, trust improves alliance performance.",1,FP,"The intervention is not a management action but rather a data collection method, which doesn't match the reference CIMO's focus on increasing trust and commitment.",Rule-based
